,search_rank,product_name,old_price,discount,new_price,rating,number_of_ratings,official_store,brand_name,source
0,1,Hero Basic Round Neck T- Shirt For Men Black,165.0,21,130.0,4.2,41,Non,Not a brand,Jumia
1,2,Izor Bi-tone Half Sleeves Rounded Tee - Olive & Black,420.0,59,174.0,4.3,131,official_store,izor,Jumia
2,3,Pavone Black & White Heather Round Neck Tee,300.0,67,99.0,4.6,8,Non,Not a brand,Jumia
3,4,Round Neck  Long Sleeves T-Shirt - Black,105.0,6,99.0,3.3,4,Non,Not a brand,Jumia
4,5,Kubo Curved Raglan Round Neck T-Shirt With Decorated Stitching Details - Dark Olive,210.0,34,139.0,,0,Non,Not a brand,Jumia
5,6,Pavone Black & Charcoal Heather Round Neck Tee,300.0,67,99.0,4.7,3,Non,Not a brand,Jumia
6,7,Izor Casual Round Short Sleeves Slip On T-Shirt - Black & Green,499.0,67,164.0,4.3,19,official_store,izor,Jumia
7,8,Izor Round Collar Half Sleeves Dark Yellow T-Shirt,450.0,70,134.0,3.3,7,official_store,izor,Jumia
8,9,Activ Chest Printed Round Neck Black T-Shirt,499.0,24,379.0,,0,official_store,activ,Jumia
9,10,Ted Marchel Plain Pattern Round Neck T-Shirt- Black,125.0,0,125.0,4.0,3,Non,Not a brand,Jumia
10,11,Izor Plain Basic Short Sleeves Round Neck T-Shirt - Black,699.0,76,165.0,3.7,3,official_store,izor,Jumia
11,12,"White Rabbit ""W.Rabbit EST 1979"" Printed Round Neck T-Shirt - Black, Grey & Orange",383.0,50,191.0,4.0,1,Non,Not a brand,Jumia
12,13,Pavone White & Black Heather Round Neck Tee,300.0,67,99.0,3.8,4,Non,Not a brand,Jumia
13,14,Activ Black Short Sleeves Round Collar Printed T-Shirt,499.0,34,329.0,,0,official_store,activ,Jumia
14,15,Direwolf D Wolfstore Tshirt Bts Cotton Round Neck Black,280.0,0,280.0,4.0,3,Non,Not a brand,Jumia
15,16,Activ Round Neck Summer Cotton Black Tee,499.0,24,379.0,4.0,1,official_store,activ,Jumia
16,17,Black Cotton Mens Round Neck Half Sleeve T Shirt,290.0,40,175.0,,0,Non,Not a brand,Jumia
17,18,"OneHand T-Shirt Cotton Printed ""be Happy"" Round Neck Short Sleeves - Black",249.0,0,249.0,5.0,2,Non,Not a brand,Jumia
18,19,Pavone Printed Short Sleeves Round Neck T-Shirt - Dark Grey,350.0,53,165.0,5.0,2,Non,Not a brand,Jumia
19,20,Fashion Men's Shirt Cuff Links Round Pattern Wedding Party Business Gift Black,146.0,12,129.0,,0,Non,Not a brand,Jumia
20,21,Fashion (black)Oversized T-shirt Men&#39;s Lightning Print Solid Color Tees Shirt Spring Summer New Round Neck Casual Man Half Short Sleeves Tops OLD,1824.0,42,1050.0,,0,Non,Not a brand,Jumia
21,22,Activ Stitched & Printed Patterned Short Sleeves Round Collar T-Shirt - Black,499.0,28,359.0,,0,official_store,activ,Jumia
22,23,Izor Plain Basic Round Neck T-Shirt With Side Pocket - Dark Grey,699.0,76,165.0,1.0,1,official_store,izor,Jumia
23,24,Andora Black Round Neck Printed Lavender Tee,269.0,60,149.0,,0,official_store,andora,Jumia
24,25,White Rabbit Embroiedered Bear Round Neck Cotton Tee - Heather Dark Grey,341.0,50,170.0,,0,Non,Not a brand,Jumia
25,26,OneHand T-Shirt Cotton Round Neck Short Sleeves - Black,249.0,0,249.0,4.0,1,Non,Not a brand,Jumia
26,27,Plain Basic Round Neck Oversized T-Shirt - Black,360.0,50,179.0,,0,Non,Not a brand,Jumia
27,28,White Rabbit Round Collar Fashionable Colorful T-Shirt -Hot Pink & Black,391.0,50,195.0,,0,Non,Not a brand,Jumia
28,29,White Rabbit Round Collar Pique T-shirt  - Black,536.0,50,268.0,,0,Non,Not a brand,Jumia
29,30,Direwolf Naruto Printed Cotton T-shirt Round Neck - Black,270.0,0,270.0,,0,Non,Not a brand,Jumia
30,31,Direwolf Attack On Titan Tshirt Printed Cotton T-shirt Round Neck - Black,299.0,0,299.0,,0,Non,Not a brand,Jumia
31,32,"White Rabbit Chest Printed Round Neck Tee - Yellow , White & Black",372.0,50,186.0,,0,Non,Not a brand,Jumia
32,33,Andora Round Neck Black Print Text Over Heather Grey Tee,375.0,66,129.0,,0,official_store,andora,Jumia
33,34,Kastor Round Neck Buttoned Dark Blue Henley T-Shirt,300.0,0,300.0,,0,Non,Not a brand,Jumia
34,35,White Rabbit Comfy Printed Spark Sign Round Collar T-shirt - Dark Grey,324.0,50,162.0,,0,Non,Not a brand,Jumia
35,36,Izor Basic Round Neck Regular Fit T-Shirt - Dark Beige,650.0,44,364.0,5.0,1,official_store,izor,Jumia
36,37,Direwolf Naruto Tshirt Printed Cotton Round Neck Black,235.0,0,235.0,,0,Non,Not a brand,Jumia
37,38,White Rabbit Printed Round Neck Cotton Elegant Tee - Black,341.0,50,170.0,,0,Non,Not a brand,Jumia
38,39,Izor Round Collar Half Sleeves Black T-Shirt,450.0,70,134.0,4.0,45,official_store,izor,Jumia
39,40,"OneHand T-Shirt Cotton Printed ""LIMITED EDITION"" Round Neck Short Sleeves - Black",249.0,0,249.0,,0,Non,Not a brand,Jumia
40,41,Direwolf D Wolfstore Tshirt Friends Printed Cotton Round Neck Black,280.0,0,280.0,5.0,1,Non,Not a brand,Jumia
41,42,White Rabbit Summer Round Cotton T-Shirt - Black,280.0,50,140.0,,0,Non,Not a brand,Jumia
42,43,"Half-sleeved Cotton T-shirt With Buttons, Round Neck, Black",225.0,33,150.0,,0,Non,Not a brand,Jumia
43,44,OneHand T-Shirt Cotton Printed Round Neck Short Sleeves - Black,249.0,0,249.0,,0,Non,Not a brand,Jumia
44,45,Izor Basic Round Neck Solid Brick Orange T-Shirt With Black Neck Collar,499.0,63,184.0,4.0,1,official_store,izor,Jumia
45,46,"OneHand T-Shirt Cotton Printed ""كن حرآ"" Round Neck Short Sleeves - Black",249.0,0,249.0,4.0,1,Non,Not a brand,Jumia
46,47,Fashion Men Casual 3D Printing Lightning T-shirt Round Neck-Black,730.0,50,365.0,,0,Non,Not a brand,Jumia
47,48,T-shirt Painted Stay Strong Round Neck Half Sleeve For Men Black Color,149.0,0,149.0,,0,Non,Not a brand,Jumia
48,49,"OneHand T-Shirt Cotton Printed ""Run"" Round Neck Short Sleeves - Black",249.0,0,249.0,,0,Non,Not a brand,Jumia
49,50,White Rabbit Round Neck Slip On Cotton Dark Green T-Shirt,295.0,50,147.0,5.0,1,Non,Not a brand,Jumia
50,51,Lemarche Set Of 4 Men Round Neck Tees - Black,499.0,0,499.0,,0,Non,Not a brand,Jumia
51,52,Science Turtles T-Shirt Men Mutant Ninja Short Sleeve Humor Tee Shirt Round Neck 100% Cotton Funny Tops Printed Graphic T Shirt-black,1661.44,39,1013.76,,0,Non,Not a brand,Jumia
52,53,Andora Black Tee With Chest Pockets & Round Neck,374.0,33,249.0,,0,official_store,andora,Jumia
53,54,Fashion Long Sleeve T-shirt for Men Polyester Dress Gar with Round Neck Blue and Black Color For Spring And Autumn,454.8,0,454.8,,0,Non,Not a brand,Jumia
54,55,Direwolf Dragon Ball Tshirt Printed Cotton Round Neck Black,280.0,0,280.0,2.0,1,Non,Not a brand,Jumia
55,56,Fashion Cuff Links Gold&Black Color Round Mens,883.0,45,482.0,5.0,1,Non,Not a brand,Jumia
56,57,White Rabbit Rounded Neck Half Sleeves Printed T-shirt - Black,341.0,50,170.0,,0,Non,Not a brand,Jumia
57,58,"White Rabbit ""Rabbit Earth"" Print  Round Neck T-Shirt- Black",280.0,50,140.0,,0,Non,Not a brand,Jumia
58,59,Printed Heart Round Neck T-Shirt - Black,300.0,0,300.0,,0,Non,Not a brand,Jumia
59,60,Direwolf T Shirt Printed Cotton Round Neck Black,265.0,0,265.0,3.0,1,Non,Not a brand,Jumia
60,61,Unisex Printed Funny -  Cotton Round Neck T-Shirt - Black,300.0,0,300.0,,0,Non,Not a brand,Jumia
61,62,Fashion Man's Viking T Shirts Raven Valhalla T-Shirt Vintage Round Neck Short Sleeves Tops 100% Cotton Tee Shirt Original-466483174-Black,1551.0,42,900.0,,0,Non,Not a brand,Jumia
62,63,Fashion Man's Viking T Shirts Raven Valhalla T-Shirt Vintage Round Neck Short Sleeves Tops 100% Cotton Tee Shirt Original-466491389-Black,1551.0,42,900.0,,0,Non,Not a brand,Jumia
63,64,Lemarche Solid Rounded Men Casual T-shirt - Black,149.0,0,149.0,5.0,1,Non,Not a brand,Jumia
64,65,White Rabbit Round Neck Short Sleeves Regular Fit Tee - Black,381.0,50,190.0,,0,Non,Not a brand,Jumia
65,66,Print N Go Round Neck Cotton T-shirt - Black,350.0,35,229.0,,0,Non,Not a brand,Jumia
66,67,White Rabbit Chest Printed Round Neck Black Tee,390.0,50,195.0,,0,Non,Not a brand,Jumia
67,68,Direwolf One Punch Man Printed Cotton T-shirt Round Neck - Black,280.0,0,280.0,5.0,1,Non,Not a brand,Jumia
68,69,Fashion Classic Vlone Short-sleeved Female Couple Loose Street Hip-hop Big V Trend T-shirt Men's Cotton Round Neck 065-black,1818.0,42,1055.0,,0,Non,Not a brand,Jumia
69,70,White Rabbit Vintage CD Printed Casual Round Neck Tee - Black,350.0,50,175.0,,0,Non,Not a brand,Jumia
70,71,Classic Vlone Short-sleeved Female Couple Loose Street Hip-hop Big V Trend T-shirt Men's Cotton Round Neck 065-black,2054.4,41,1221.76,,0,Non,Not a brand,Jumia
71,72,Fashion Long Sleeve T-shirt for Men Polyester Dress Gar with Round Neck Blue and Black Color For Spring And Autumn,454.8,0,454.8,,0,Non,Not a brand,Jumia
72,73,White Rabbit Space Printed Slip On Round Neck T-Shirt - Black,572.0,50,286.0,,0,Non,Not a brand,Jumia
73,74,"White Rabbit ""ًWatch Out""  Round Neck T-Shirt- Black",319.0,50,159.0,,0,Non,Not a brand,Jumia
74,75,White Rabbit Round Neck Slip On Tee With Stitched Patch - Black,350.0,50,175.0,,0,Non,Not a brand,Jumia
75,76,White Rabbit Round Collar Fashionable T-Shirt - Hot Pink & Dark Mint,391.0,50,195.0,,0,Non,Not a brand,Jumia
76,77,Unisex Printed Funny -  Cotton Round Neck T-Shirt - Black,300.0,0,300.0,,0,Non,Not a brand,Jumia
77,78,Unisex Printed Funny -  Cotton Round Neck T-Shirt - Black,300.0,0,300.0,,0,Non,Not a brand,Jumia
78,79,Unisex Printed Funny -  Cotton Round Neck T-Shirt - Black,300.0,0,300.0,,0,Non,Not a brand,Jumia
79,80,Fashion  Black Grey Contrast Round Neck T-Shirt,1960.0,45,1069.2,,0,Non,Not a brand,Jumia
80,81,"White Rabbit ""White/Black) Round NeckT-Shirt-Whte",305.0,50,152.0,,0,Non,Not a brand,Jumia
81,82,Ravin Round Neck Slip On Printed T-Shirt - Black & White.,389.99,23,299.99,,0,official_store,ravin,Jumia
82,83,White Rabbit Slip On Round Collar Comfy T-Shirt - Black,341.0,50,170.0,,0,Non,Not a brand,Jumia
83,84,Izor Basic Round Neck Regular Fit T-Shirt - Dark Grey,650.0,44,364.0,,0,official_store,izor,Jumia
84,85,Direwolf Tshirt Printed Cotton Round Neck Black,270.0,0,270.0,,0,Non,Not a brand,Jumia
85,86,White Rabbit Printed Round Neck Cotton T-Shirt - Black,282.0,50,141.0,,0,Non,Not a brand,Jumia
86,87,White Rabbit Side Print Round Neck Cotton Tee - Black,339.0,50,169.0,,0,Non,Not a brand,Jumia
87,88,"White Rabbit Chest Printed Round Neck Tee - Black, White & Yellow",372.0,50,186.0,,0,Non,Not a brand,Jumia
88,89,Direwolf Naruto TShirt Printed Cotton Round Neck Black,280.0,0,280.0,,0,Non,Not a brand,Jumia
89,90,"White Rabbit ""ً’Milano,Paris, LA ""  Round Neck T-Shirt- Black",280.0,50,140.0,,0,Non,Not a brand,Jumia
90,91,White Rabbit Comfy Printed Spark Sign Round Collar T-shirt -Black,324.0,50,162.0,,0,Non,Not a brand,Jumia
91,92,"White Rabbit ""Rabbit Most Dynamic Wear""  Round Neck T-Shirt- Black",314.0,50,157.0,,0,Non,Not a brand,Jumia
92,93,White Rabbit Slip On Round Collar Cotton T-Shirt - Black,341.0,50,170.0,4.0,1,Non,Not a brand,Jumia
93,94,"Active Color Block Round Neck T-Shirt - Mustard, Black & White",399.0,54,185.0,,0,official_store,active,Jumia
94,95,"White Rabbit ""White/Black) Round NeckT-Shirt- Black",305.0,50,152.0,2.5,2,Non,Not a brand,Jumia
95,96,Izor Plain Basic Round Neck T-Shirt With Side Pocket - Dark Green,699.0,76,165.0,3.7,3,official_store,izor,Jumia
96,97,"White Rabbit ""Breaking My Heart"" Slip On Round Tee - Dark Navy Blue",341.0,50,170.0,,0,Non,Not a brand,Jumia
97,98,White Rabbit Black Front Print Round Neck Casual Tee,341.0,50,170.0,,0,Non,Not a brand,Jumia
98,99,White Rabbit Chest Printing Round T-shirt - Black,280.0,50,140.0,,0,Non,Not a brand,Jumia
99,100,White Rabbit Rounded Neck With Front Stitch T-Shirt - Black,341.0,50,170.0,,0,Non,Not a brand,Jumia
100,101,White Rabbit Self Patterned Slip On Round Neck Black T-Shirt,383.0,50,191.0,,0,Non,Not a brand,Jumia
101,102,"Fashion Men's 3D Print T-shirt, Lightning Landscape Print T-shirt, Black Summer T-shirt, Round Neck Beach T-shirt-SD-24",1240.0,42,720.0,,0,Non,Not a brand,Jumia
102,103,Direwolf D WolfT Shirt Printed Cotton Round Neck Black,280.0,0,280.0,,0,Non,Not a brand,Jumia
103,104,"White Rabbit Printed & Stitched Round T-Shirt - Yellow, Black & White",383.0,50,191.0,,0,Non,Not a brand,Jumia
104,105,Naruto-T Shirts Anime Uchiha Eyes Printed Half Sleeve Casual Round Neck 100% Cotton Men Top EU Size-black,1516.48,39,925.44,,0,Non,Not a brand,Jumia
105,106,Man Round Neck Bodysuit Tops Mens Leisure Solid Color Jumpsuit Tank Tops Sexy Fitness Sleeveless Romper Vests Plus Size Black SFH,881.6,39,537.92,,0,Non,Not a brand,Jumia
106,107,MYDBSH 2019 Summer Cotton Round Neck Solid T Shirts Casual Sleeveless T Shirt Men Fitness Bodybuilder T-Shirt Muscle Man Tshirt(V Neck Black),1088.0,42,631.0,,0,Non,Not a brand,Jumia
107,108,"White Rabbit Stitched ""WR"" Black Short Sleeves Round Collar T-Shirt",446.0,50,223.0,,0,Non,Not a brand,Jumia
108,109,"White Rabbit ""Have A Good Time"" Round Neck T-Shirt - Black",341.0,50,170.0,,0,Non,Not a brand,Jumia
109,110,Fashion Naruto-T Shirts Anime Uchiha Eyes Printed Half Sleeve Casual Round Neck 100% Cotton Men Top EU Size-black,1425.0,42,827.0,,0,Non,Not a brand,Jumia
110,111,Fashion Pure Black Men's Simple Lines Printed Short-sleeved Tops Low-profile Versatile Thin Daily Round Neck Pullover Comfortable Breath-SY034,922.0,42,535.0,,0,Non,Not a brand,Jumia
111,112,Fashion (black)Oversized T-shirt Men's Lightning Print Solid Color Tees Shirt Spring Summer New Round Neck Casual Man Half Short Sleeves Tops SCH,1789.0,42,1030.0,,0,Non,Not a brand,Jumia
112,113,Direwolf T Shirt Printed Cotton Round Neck Black,280.0,0,280.0,3.0,1,Non,Not a brand,Jumia
113,114,AGU Patch Round Neck T-Shirt - Black,220.0,0,220.0,5.0,1,Non,Not a brand,Jumia
114,115,Weels Stand1 Round Shirt Black,390.0,0,390.0,,0,Non,Not a brand,Jumia
115,116,White Rabbit Printed Cap Round Neck Cotton Tee - Black,453.0,50,226.0,,0,Non,Not a brand,Jumia
116,117,Kubo Printed Round Neck Slip On T-Shirt - Dark Grey,250.0,42,144.0,,0,Non,Not a brand,Jumia
117,118,Direwolf T Shirt Printed Cotton Round Neck Black,280.0,0,280.0,,0,Non,Not a brand,Jumia
118,119,Unisex Printed Funny -  Cotton Round Neck T-Shirt - Black,300.0,0,300.0,,0,Non,Not a brand,Jumia
119,120,White Rabbit Printed Pattern Round Collar Short Sleeves Black T-Shirt,473.0,50,236.0,,0,Non,Not a brand,Jumia
120,121,White Rabbit Printed Pattern Black Short Sleeves Round Collar T-Shirt,446.0,50,223.0,,0,Non,Not a brand,Jumia
121,122,"White Rabbit Printed & Stitched Patterned Round Neck T-Shirt - Black, Gold & White",383.0,50,191.0,,0,Non,Not a brand,Jumia
122,123,Fashion Mens Plain Black Round Neck Tshirts,1260.0,10,1134.0,,0,Non,Not a brand,Jumia
123,124,Fashion Mens Unique Plain BLACK Round Neck Tshirts With Design,2310.0,49,1176.0,,0,Non,Not a brand,Jumia
124,125,Fashion Summer Thin Section Round Neck Short Sleeve Simple Black Red And White Color Scheme Men's Top T-shirt Trend Bottoming Shirt Fash-N-006,1067.0,42,619.0,,0,Non,Not a brand,Jumia
125,126,Fashion The Black Stones T-Shirts Men Unique 100% Cotton Tees Round Collar Short Sleeve T Shirts Gift Idea Tops-466644895-White,1551.0,42,900.0,,0,Non,Not a brand,Jumia
126,127,Fashion Pure Black Men's Simple Lines Printed Short-sleeved Tops Low-profile Versatile Thin Daily Round Neck Pullover Comfortable Breath-SY029,922.0,42,535.0,,0,Non,Not a brand,Jumia
127,128,The Black Stones T-Shirts Men Unique 100% Cotton Tees Round Collar Short Sleeve T Shirts Gift Idea Tops-Auburn,1661.44,39,1013.76,,0,Non,Not a brand,Jumia
128,129,"Fashion Men's 3D Print T-shirt, Lightning Landscape Print T-shirt, Black Summer T-shirt, Round Neck Beach T-shirt-SD-19",1240.0,42,720.0,,0,Non,Not a brand,Jumia
129,130,The Black Stones T-Shirts Men Unique 100% Cotton Tees Round Collar Short Sleeve T Shirts Gift Idea Tops-466640646-Black,1661.44,39,1013.76,,0,Non,Not a brand,Jumia
130,131,Fashion Men's Autumn Long Sleeved T-shirt Round Collar Slim Cotton Shirt Solid Color T-shirt -O Black,1117.0,42,648.0,,0,Non,Not a brand,Jumia
131,132,Fashion The Black Stones T-Shirts Men Unique 100% Cotton Tees Round Collar Short Sleeve T Shirts Gift Idea Tops-Burgundy,1551.0,42,900.0,,0,Non,Not a brand,Jumia
132,133,The Black Stones T-Shirts Men Unique 100% Cotton Tees Round Collar Short Sleeve T Shirts Gift Idea Tops-466640163-Black,1661.44,39,1013.76,,0,Non,Not a brand,Jumia
133,134,The Black Stones T-Shirts Men Unique 100% Cotton Tees Round Collar Short Sleeve T Shirts Gift Idea Tops-Auburn,1661.44,39,1013.76,,0,Non,Not a brand,Jumia
134,135,Men's Sleeveless Vest Outdoor Running Exercise Fitness Workout Round Neck Vest Quick Dry Breathable Male Muscle Fitness Tank Top Black SFH,958.4,39,584.64,,0,Non,Not a brand,Jumia
135,136,Fashion Man's Viking T Shirts Raven Valhalla T-Shirt Vintage Round Neck Short Sleeves Tops 100% Cotton Tee Shirt Original-466484993-Black,1551.0,42,900.0,,0,Non,Not a brand,Jumia
136,137,The Black Stones T-Shirts Men Unique 100% Cotton Tees Round Collar Short Sleeve T Shirts Gift Idea Tops-black,1661.44,39,1013.76,,0,Non,Not a brand,Jumia
137,138,Men Tank Tops Mesh Patchwork 2021 Round Neck Sleeveless See Through Sexy Vests Streetwear Party Nightclub Men Crop Tops Black SFH,896.96,39,547.2,,0,Non,Not a brand,Jumia
138,139,Fashion Man's Viking T Shirts Raven Valhalla T-Shirt Vintage Round Neck Short Sleeves Tops 100% Cotton Tee Shirt Original-466491216-Black,1551.0,42,900.0,,0,Non,Not a brand,Jumia
139,140,Fashion Pure Black Men's Simple Lines Printed Short-sleeved Tops Low-profile Versatile Thin Daily Round Neck Pullover Comfortable Breath-SY031,922.0,42,535.0,,0,Non,Not a brand,Jumia
140,141,Man Round Neck Bodysuit Tops Mens Leisure Solid Color Jumpsuit Tank Tops Sexy Fitness Sleeveless Romper Vests Plus Size Black SFH,881.6,39,537.92,,0,Non,Not a brand,Jumia
141,142,Fashion The Black Stones T-Shirts Men Unique 100% Cotton Tees Round Collar Short Sleeve T Shirts Gift Idea Tops-466640105-Black,1551.0,42,900.0,,0,Non,Not a brand,Jumia
142,143,"Fashion Men's 3D Print T-shirt, Lightning Landscape Print T-shirt, Black Summer T-shirt, Round Neck Beach T-shirt-SD-5",1240.0,42,720.0,,0,Non,Not a brand,Jumia
143,144,The Black Stones T-Shirts Men Unique 100% Cotton Tees Round Collar Short Sleeve T Shirts Gift Idea Tops-466643863-Black,1661.44,39,1013.76,,0,Non,Not a brand,Jumia
144,145,Fashion Osaki Manga T Shirt Men 100% Cotton Casual T-Shirts Round Neck Anime Tee Shirt Short Sleeve Tops Plus Size-black-1,1551.0,42,900.0,,0,Non,Not a brand,Jumia
145,146,Fashion Summer Thin Section Round Neck Short Sleeve Simple Black Red And White Color Scheme Men's Top T-shirt Trend Bottoming Shirt Fash-N-004,1067.0,42,619.0,,0,Non,Not a brand,Jumia
146,147,Fashion Men T Shirt Long Leeve Cotton Spring Autumn Thermal Undershirt Armor Mens T Shirts Full Sleeve Round Neck Casual Men'S Tees-black,1208.0,42,701.0,,0,Non,Not a brand,Jumia
147,148,Fashion (Black)Build Brand Men&#39;s T-shirts Round Neck Diy Logo Basic Thickened Neckline Shirts Custom Your Design 25 Colors Plus Size S-5XL OLD,1501.0,42,870.0,,0,Non,Not a brand,Jumia
148,149,Fashion Summer Thin Section Round Neck Short Sleeve Simple Black Red And White Color Scheme Men's Top T-shirt Trend Bottoming Shirt Fash-N-003,1067.0,42,619.0,,0,Non,Not a brand,Jumia
149,150,Men's Sleeveless Vest Outdoor Running Exercise Fitness Workout Round Neck Vest Quick Dry Breathable Male Muscle Fitness Tank Top Black SFH,958.4,39,584.64,,0,Non,Not a brand,Jumia
150,151,Fashion Summer Thin Section Round Neck Short Sleeve Simple Black Red And White Color Scheme Men's Top T-shirt Trend Bottoming Shirt Fash-N-001,1067.0,42,619.0,,0,Non,Not a brand,Jumia
151,152,Fashion Osaki Manga T Shirt Men 100% Cotton Casual T-Shirts Round Neck Anime Tee Shirt Short Sleeve Tops Plus Size-black-3,1551.0,42,900.0,,0,Non,Not a brand,Jumia
152,153,2021 Men Tank Tops Mesh Patchwork Round Neck Streetwear Sleeveless See Through Vests Sexy Party Nightclub Men Crop Tops Black SFH,896.96,39,547.2,,0,Non,Not a brand,Jumia
153,154,Fashion Elastic Mens T-Shirt O-Neck Round Neck Long Sleeve Men T-Shirt For Male Lycra And Cotton T-Shirts Man Clothing-black Round Neck,1206.0,42,700.0,,0,Non,Not a brand,Jumia
154,155,Fashion Man's Viking T Shirts Raven Valhalla T-Shirt Vintage Round Neck Short Sleeves Tops 100% Cotton Tee Shirt Original-466491455-Black,1551.0,42,900.0,,0,Non,Not a brand,Jumia
155,156,Fashion Long Sleeve T-shirt Men's Spring And Autumn Round Collar Casual Cotton Full Sleeve Tshirt Size S To 3XL-black 6504,1693.0,42,982.0,,0,Non,Not a brand,Jumia
156,157,The Black Stones T-Shirts Men Unique 100% Cotton Tees Round Collar Short Sleeve T Shirts Gift Idea Tops-black,1661.44,39,1013.76,,0,Non,Not a brand,Jumia
157,158,Fashion Pure Black Men's Simple Lines Printed Short-sleeved Tops Low-profile Versatile Thin Daily Round Neck Pullover Comfortable Breath-SY030,922.0,42,535.0,,0,Non,Not a brand,Jumia
158,159,Fashion (Dark Yellow)Build Brand Men&#39;s T-shirts Round Neck Diy Logo Basic Thickened Neckline Shirts Custom Your Design 25 Colors Plus Size S-5XL OLD,1501.0,42,870.0,,0,Non,Not a brand,Jumia
159,160,"Fashion Men's 3D Print T-shirt, Lightning Landscape Print T-shirt, Black Summer T-shirt, Round Neck Beach T-shirt-SD-16",1240.0,42,720.0,,0,Non,Not a brand,Jumia
160,161,"Fashion Men's 3D Print T-shirt, Lightning Landscape Print T-shirt, Black Summer T-shirt, Round Neck Beach T-shirt-SD-18",1240.0,42,720.0,,0,Non,Not a brand,Jumia
161,162,"Fashion Men's 3D Print T-shirt, Lightning Landscape Print T-shirt, Black Summer T-shirt, Round Neck Beach T-shirt-SD-15",1240.0,42,720.0,,0,Non,Not a brand,Jumia
162,163,Fashion Man's Viking T Shirts Raven Valhalla T-Shirt Vintage Round Neck Short Sleeves Tops 100% Cotton Tee Shirt Original-466487757-Black,1551.0,42,900.0,,0,Non,Not a brand,Jumia
163,164,"Fashion Men's 3D Print T-shirt, Lightning Landscape Print T-shirt, Black Summer T-shirt, Round Neck Beach T-shirt-SD-27",1240.0,42,720.0,,0,Non,Not a brand,Jumia
164,165,Fashion Summer Short-Sleeved T-Shirt Men 's   Round Neck Base Shirt Loose Mechanical Style Workwear Tops-black,1681.0,42,975.0,,0,Non,Not a brand,Jumia
165,166,Osaki Manga T Shirt Men 100% Cotton Casual T-Shirts Round Neck Anime Tee Shirt Short Sleeve Tops Plus Size-black-4,1661.44,39,1013.76,,0,Non,Not a brand,Jumia
166,167,The Black Stones T-Shirts Men Unique 100% Cotton Tees Round Collar Short Sleeve T Shirts Gift Idea Tops-466640105-Black,1661.44,39,1013.76,,0,Non,Not a brand,Jumia
167,168,Fashion Forward Observations Group T-Shirt For Men Death Skeleton Satan Vintage 100% Cotton Tees Round Collar Short Sleeve T Shirts-435178204-Black,1381.0,42,801.0,,0,Non,Not a brand,Jumia
168,169,The Black Stones T-Shirts Men Unique 100% Cotton Tees Round Collar Short Sleeve T Shirts Gift Idea Tops-Burgundy,1661.44,39,1013.76,,0,Non,Not a brand,Jumia
169,170,Men's Breathable Cotton Vest Round Neck Slim Tank Top Sports Fitness Clothing Solid White Black Gray Tees Elastic Vest Plus Size Black SFH,689.6,39,420.8,,0,Non,Not a brand,Jumia
170,171,Men T Shirt Long Leeve Cotton Spring Autumn Thermal Undershirt Armor Mens T Shirts Full Sleeve Round Neck Casual Men'S Tees-black,1268.16,39,773.76,,0,Non,Not a brand,Jumia
171,172,Fashion Summer Casual T-shirt Men Short Sleeve Cotton T-shirt Casual Slim T Shirt Male Fitness Round Neck Workout Tee Tops Clothing-black,1418.0,42,823.0,,0,Non,Not a brand,Jumia
172,173,"Fashion Men's 3D Print T-shirt, Lightning Landscape Print T-shirt, Black Summer T-shirt, Round Neck Beach T-shirt-SD-25",1240.0,42,720.0,,0,Non,Not a brand,Jumia
173,174,Fashion The Black Stones T-Shirts Men Unique 100% Cotton Tees Round Collar Short Sleeve T Shirts Gift Idea Tops-Auburn,1551.0,42,900.0,,0,Non,Not a brand,Jumia
174,175,Men's T-shirt Cotton Short Sleeve Tide Man Fashion Big Size Bottoming Men's T-shirt Tops Round Neck Tee Summer  Tee-black,1523.52,39,929.6,,0,Non,Not a brand,Jumia
175,176,Fashion Brand  Men's T Shirt Round Neck Solid-colored T-shirt For Male Round-neck Medium And Long Section Tops Tshirt-black,1265.0,42,734.0,,0,Non,Not a brand,Jumia
176,177,"Fashion Men's 3D Print T-shirt, Lightning Landscape Print T-shirt, Black Summer T-shirt, Round Neck Beach T-shirt-SD-6",1240.0,42,720.0,,0,Non,Not a brand,Jumia
177,178,Classic Vlone Short-sleeved Female Couple Loose Street Hip-hop Big V Trend T-shirt Men's Cotton Round Neck 065-black,2054.4,41,1221.76,,0,Non,Not a brand,Jumia
178,179,Fashion Men's Autumn Long Sleeved T-shirt Round Collar Slim Cotton Shirt Solid Color T-shirt -V Black,1117.0,42,648.0,,0,Non,Not a brand,Jumia
179,180,Fashion Men Short Sleeve T-shirt Fashion Stitching Gyms Singlet Cotton Bodybuilding Men Fitness Round Neck Tshirt-white With Black,1329.0,42,771.0,,0,Non,Not a brand,Jumia
180,181,Fashion Summer Thin Section Round Neck Short Sleeve Simple Black Red And White Color Scheme Men's Top T-shirt Trend Bottoming Shirt Fash-N-005,1067.0,42,619.0,,0,Non,Not a brand,Jumia
181,182,The Black Stones T-Shirts Men Unique 100% Cotton Tees Round Collar Short Sleeve T Shirts Gift Idea Tops-466640553-Black,1661.44,39,1013.76,,0,Non,Not a brand,Jumia
182,183,Osaki Manga T Shirt Men 100% Cotton Casual T-Shirts Round Neck Anime Tee Shirt Short Sleeve Tops Plus Size-black-4,1661.44,39,1013.76,,0,Non,Not a brand,Jumia
183,184,"Fashion Men's 3D Print T-shirt, Lightning Landscape Print T-shirt, Black Summer T-shirt, Round Neck Beach T-shirt-SD-12",1240.0,42,720.0,,0,Non,Not a brand,Jumia
184,185,Men's Breathable Cotton Vest Round Neck Slim Tank Top Sports Fitness Clothing Solid White Black Gray Tees Elastic Vest Plus Size White SFH,689.6,39,420.8,,0,Non,Not a brand,Jumia
185,186,Fashion Osaki Manga T Shirt Men 100% Cotton Casual T-Shirts Round Neck Anime Tee Shirt Short Sleeve Tops Plus Size-black-2,1551.0,42,900.0,,0,Non,Not a brand,Jumia
186,187,The Black Stones T-Shirts Men Unique 100% Cotton Tees Round Collar Short Sleeve T Shirts Gift Idea Tops-466640139-Black,1661.44,39,1013.76,,0,Non,Not a brand,Jumia
187,188,Fashion Han Pure Cotton T-shirt Men's Short-sleeved  Round Neck Self-cultivation Basic Solid Color Cotton-black,1483.0,42,860.0,,0,Non,Not a brand,Jumia
188,189,Fashion Man's Viking T Shirts Raven Valhalla T-Shirt Vintage Round Neck Short Sleeves Tops 100% Cotton Tee Shirt Original-black,1551.0,42,900.0,,0,Non,Not a brand,Jumia
189,190,Fashion Osaki Manga T Shirt Men 100% Cotton Casual T-Shirts Round Neck Anime Tee Shirt Short Sleeve Tops Plus Size-black-4,1551.0,42,900.0,,0,Non,Not a brand,Jumia
190,191,Fashion (Black)2021 Quick-Drying Round Neck T-Shirt Custom Sport T-Shirt Logo Embroidery Printed Pattern Design OLD,1500.0,42,870.0,,0,Non,Not a brand,Jumia
191,192,Naruto-T Shirts Anime Uchiha Eyes Printed Half Sleeve Casual Round Neck 100% Cotton Men Top EU Size-black,1516.48,39,925.44,,0,Non,Not a brand,Jumia
192,193,"Fashion Men's 3D Print T-shirt, Lightning Landscape Print T-shirt, Black Summer T-shirt, Round Neck Beach T-shirt-SD-3",1240.0,42,720.0,,0,Non,Not a brand,Jumia
193,194,Fashion Summer T-shirts Men's Sleeveless T-shirt Round Neck Solid Color Leisure Bottoming T-Shirts Male Casual Tops And Shirts-Black,1239.0,42,718.0,,0,Non,Not a brand,Jumia
194,195,The Black Stones T-Shirts Men Unique 100% Cotton Tees Round Collar Short Sleeve T Shirts Gift Idea Tops-466643863-Black,1661.44,39,1013.76,,0,Non,Not a brand,Jumia
195,196,Fashion Men T Shirt Long Leeve Cotton Spring Autumn Thermal Undershirt Armor Mens T Shirts Full Sleeve Round Neck Casual Men'S Tees-Black O,1434.0,42,832.0,,0,Non,Not a brand,Jumia
196,197,The Black Stones T-Shirts Men Unique 100% Cotton Tees Round Collar Short Sleeve T Shirts Gift Idea Tops-466644895-,1661.44,39,1013.76,,0,Non,Not a brand,Jumia
197,198,The Black Stones T-Shirts Men Unique 100% Cotton Tees Round Collar Short Sleeve T Shirts Gift Idea Tops-466644895-,1661.44,39,1013.76,,0,Non,Not a brand,Jumia
198,199,The Black Stones T-Shirts Men Unique 100% Cotton Tees Round Collar Short Sleeve T Shirts Gift Idea Tops-466640646-Black,1661.44,39,1013.76,,0,Non,Not a brand,Jumia
199,200,"White Rabbit Chest Printed Round Neck Tee - White, Black & Yellow",372.0,50,186.0,,0,Non,Not a brand,Jumia
200,201,Fashion Rac Round Neck Black T-shirt Fashion Casual Outdoor Streetwear Summer T-shirt 3d Men's Short-sleeved T-shirt Top-ZDS,1281.0,42,743.0,,0,Non,Not a brand,Jumia
201,202,Fashion Men'S T-Shirt Fashion King Printed Pattern Long Sleeve Round Neck Oversized Top Street Spring Personalized Clothes Shirt-black,1339.0,42,777.0,,0,Non,Not a brand,Jumia
202,203,Fashion Rac Round Neck Black T-shirt Fashion Casual Outdoor Streetwear Summer T-shirt 3d Men's Short-sleeved T-shirt Top-cflang,1281.0,42,743.0,,0,Non,Not a brand,Jumia
203,204,Summer Short-Sleeved T-Shirt Men 's   Round Neck Base Shirt Loose Mechanical Style Workwear Tops-black,1875.2,39,1144.32,,0,Non,Not a brand,Jumia
204,205,"Fashion Men's 3D Print T-shirt, Lightning Landscape Print T-shirt, Black Summer T-shirt, Round Neck Beach T-shirt-SD-4",1240.0,42,720.0,,0,Non,Not a brand,Jumia
205,206,Fashion Forward Observations Group T-Shirt For Men Death Skeleton Satan Vintage 100% Cotton Tees Round Collar Short Sleeve T Shirts-435180368-Black,1381.0,42,801.0,,0,Non,Not a brand,Jumia
206,207,"Fashion Men's 3D Print T-shirt, Lightning Landscape Print T-shirt, Black Summer T-shirt, Round Neck Beach T-shirt-SD-13",1240.0,42,720.0,,0,Non,Not a brand,Jumia
207,208,Fashion Forward Observations Group T-Shirt For Men Death Skeleton Satan Vintage 100% Cotton Tees Round Collar Short Sleeve T Shirts-435180627-Black,1381.0,42,801.0,,0,Non,Not a brand,Jumia
208,209,"Fashion Men's 3D Print T-shirt, Lightning Landscape Print T-shirt, Black Summer T-shirt, Round Neck Beach T-shirt-SD-28",1240.0,42,720.0,,0,Non,Not a brand,Jumia
209,210,"Fashion Men's 3D Print T-shirt, Lightning Landscape Print T-shirt, Black Summer T-shirt, Round Neck Beach T-shirt-SD-8",1240.0,42,720.0,,0,Non,Not a brand,Jumia
210,211,"Fashion Men's 3D Print T-shirt, Lightning Landscape Print T-shirt, Black Summer T-shirt, Round Neck Beach T-shirt-SD-1",1240.0,42,720.0,,0,Non,Not a brand,Jumia
211,212,Fashion Pure Black Men's Simple Lines Printed Short-sleeved Tops Low-profile Versatile Thin Daily Round Neck Pullover Comfortable Breath-SY032,922.0,42,535.0,,0,Non,Not a brand,Jumia
212,213,Fashion The Black Stones T-Shirts Men Unique 100% Cotton Tees Round Collar Short Sleeve T Shirts Gift Idea Tops-black,1551.0,42,900.0,,0,Non,Not a brand,Jumia
213,214,Fashion Forward Observations Group T-Shirt For Men Death Skeleton Satan Vintage 100% Cotton Tees Round Collar Short Sleeve T Shirts-435179187-Black,1381.0,42,801.0,,0,Non,Not a brand,Jumia
214,215,Fashion The Black Stones T-Shirts Men Unique 100% Cotton Tees Round Collar Short Sleeve T Shirts Gift Idea Tops-466640553-Black,1551.0,42,900.0,,0,Non,Not a brand,Jumia
215,216,"Fashion Men's 3D Print T-shirt, Lightning Landscape Print T-shirt, Black Summer T-shirt, Round Neck Beach T-shirt-SD-22",1240.0,42,720.0,,0,Non,Not a brand,Jumia
216,217,The Black Stones T-Shirts Men Unique 100% Cotton Tees Round Collar Short Sleeve T Shirts Gift Idea Tops-466640139-Black,1661.44,39,1013.76,,0,Non,Not a brand,Jumia
217,218,The Black Stones T-Shirts Men Unique 100% Cotton Tees Round Collar Short Sleeve T Shirts Gift Idea Tops-Burgundy,1661.44,39,1013.76,,0,Non,Not a brand,Jumia
218,219,Fashion (Black)New T Shirt Men Summer Linen Cotton Short Sleeve For Men T-shirt  Round Neck Breathable Soft Tops & Tees - Size M-XXXL OLD,1756.0,42,1010.0,,0,Non,Not a brand,Jumia
219,220,Fashion Forward Observations Group T-Shirt For Men Death Skeleton Satan Vintage 100% Cotton Tees Round Collar Short Sleeve T Shirts-black,1381.0,42,801.0,,0,Non,Not a brand,Jumia
220,221,The Black Stones T-Shirts Men Unique 100% Cotton Tees Round Collar Short Sleeve T Shirts Gift Idea Tops-466640105-Black,1661.44,39,1013.76,,0,Non,Not a brand,Jumia
221,222,Fashion Elastic Mens T-Shirt O-Neck Round Neck Long Sleeve Men T-Shirt For Male Lycra And Cotton T-Shirts Man Clothing-black V-neck,1206.0,42,700.0,,0,Non,Not a brand,Jumia
222,223,Fashion Man's Viking T Shirts Raven Valhalla T-Shirt Vintage Round Neck Short Sleeves Tops 100% Cotton Tee Shirt Original-466485306-Black,1551.0,42,900.0,,0,Non,Not a brand,Jumia
223,224,Fashion The Black Stones T-Shirts Men Unique 100% Cotton Tees Round Collar Short Sleeve T Shirts Gift Idea Tops-466643863-Black,1551.0,42,900.0,,0,Non,Not a brand,Jumia
224,225,Fashion (dark Blue)New T Shirt Men Summer Linen Cotton Short Sleeve For Men T-shirt  Round Neck Breathable Soft Tops & Tees - Size M-XXXL OLD,1756.0,42,1010.0,,0,Non,Not a brand,Jumia
225,226,Fashion (100 Cotton Black)Oversized T-shirt Men&#39;s Lightning Print Solid Color Tees Shirt Spring Summer New Round Neck Casual Man Half Short Sleeves Tops OLD,1824.0,42,1050.0,,0,Non,Not a brand,Jumia
226,227,Fashion Man's Viking T Shirts Raven Valhalla T-Shirt Vintage Round Neck Short Sleeves Tops 100% Cotton Tee Shirt Original-466491336-Black,1551.0,42,900.0,,0,Non,Not a brand,Jumia
227,228,Fashion Rac Round Neck Black T-shirt Fashion Casual Outdoor Streetwear Summer T-shirt 3d Men's Short-sleeved T-shirt Top-laohu,1281.0,42,743.0,,0,Non,Not a brand,Jumia
228,229,"Fashion Men's 3D Print T-shirt, Lightning Landscape Print T-shirt, Black Summer T-shirt, Round Neck Beach T-shirt-SD-20",1240.0,42,720.0,,0,Non,Not a brand,Jumia
229,230,Fashion Man's Viking T Shirts Raven Valhalla T-Shirt Vintage Round Neck Short Sleeves Tops 100% Cotton Tee Shirt Original-466484115-Black,1551.0,42,900.0,,0,Non,Not a brand,Jumia
230,231,"Fashion Men's 3D Print T-shirt, Lightning Landscape Print T-shirt, Black Summer T-shirt, Round Neck Beach T-shirt-SD-2",1240.0,42,720.0,,0,Non,Not a brand,Jumia
231,232,"Fashion Men's 3D Print T-shirt, Lightning Landscape Print T-shirt, Black Summer T-shirt, Round Neck Beach T-shirt-SD-17",1240.0,42,720.0,,0,Non,Not a brand,Jumia
232,233,Fashion Summer Thin Section Round Neck Short Sleeve Simple Black Red And White Color Scheme Men's Top T-shirt Trend Bottoming Shirt Fash-N-002,1067.0,42,619.0,,0,Non,Not a brand,Jumia
233,234,Fashion Science Turtles T-Shirt Men Mutant Ninja Short Sleeve Humor Tee Shirt Round Neck 100% Cotton Funny Tops Printed Graphic T Shirt-black,1551.0,42,900.0,,0,Non,Not a brand,Jumia
234,235,The Black Stones T-Shirts Men Unique 100% Cotton Tees Round Collar Short Sleeve T Shirts Gift Idea Tops-466640163-Black,1661.44,39,1013.76,,0,Non,Not a brand,Jumia
235,236,Fashion Outdoor Fun Fishing Summer T-Shirt 3D Men's Short Sleeve Top Round Neck Fashion Casual Streetwear-black,1206.0,42,700.0,,0,Non,Not a brand,Jumia
236,237,Osaki Manga T Shirt Men 100% Cotton Casual T-Shirts Round Neck Anime Tee Shirt Short Sleeve Tops Plus Size-black-2,1661.44,39,1013.76,,0,Non,Not a brand,Jumia
237,238,Fashion Have Eyes T Shirt Men Summer Autumn Couple Love Peach Stripes Long Sleeve Round Neck Embroidery Women Cotton Loose T-shirt -black,1760.0,42,1021.0,,0,Non,Not a brand,Jumia
238,239,2021 Men Tank Tops Mesh Patchwork Round Neck Streetwear Sleeveless See Through Vests Sexy Party Nightclub Men Crop Tops Black SFH,896.96,39,547.2,,0,Non,Not a brand,Jumia
239,240,Fashion The Black Stones T-Shirts Men Unique 100% Cotton Tees Round Collar Short Sleeve T Shirts Gift Idea Tops-466640163-Black,1551.0,42,900.0,,0,Non,Not a brand,Jumia
240,241,Men's Breathable Cotton Vest Round Neck Slim Tank Top Sports Fitness Clothing Solid White Black Gray Tees Elastic Vest Plus Size Black SFH,689.6,39,420.8,,0,Non,Not a brand,Jumia
241,242,Men T Shirt Long Leeve Cotton Spring Autumn Thermal Undershirt Armor Mens T Shirts Full Sleeve Round Neck Casual Men'S Tees-black,1268.16,39,773.76,,0,Non,Not a brand,Jumia
242,243,"Fashion Men's 3D Print T-shirt, Lightning Landscape Print T-shirt, Black Summer T-shirt, Round Neck Beach T-shirt-SD-7",1240.0,42,720.0,,0,Non,Not a brand,Jumia
243,244,Fashion Men T Shirt Long Leeve Cotton Spring Autumn Thermal Undershirt Armor Mens T Shirts Full Sleeve Round Neck Casual Men'S Tees-Black V,1434.0,42,832.0,,0,Non,Not a brand,Jumia
244,245,Summer Short-Sleeved T-Shirt Men 's   Round Neck Base Shirt Loose Mechanical Style Workwear Tops-black,1875.2,39,1144.32,,0,Non,Not a brand,Jumia
245,246,Fashion (Black)Summer New High Quality Men&#39;s T-shirts Mulberry Silk Knitted T Shirt Short Sleeve Tops Solid Round Neck Cashmere Pullover Tees OLD,6148.0,42,3560.0,,0,Non,Not a brand,Jumia
246,247,Fashion Rac Round Neck Black T-shirt Fashion Casual Outdoor Streetwear Summer T-shirt 3d Men's Short-sleeved T-shirt Top-HX,1281.0,42,743.0,,0,Non,Not a brand,Jumia
247,248,Fashion Mens Thumb Hole Cuffs Long Sleeve T-Shirt Basic Hipster Top Tee Male Hip Hop Clothes Homme Round Collar Solid Streetwear -Black,1631.0,42,946.0,,0,Non,Not a brand,Jumia
248,249,Science Turtles T-Shirt Men Mutant Ninja Short Sleeve Humor Tee Shirt Round Neck 100% Cotton Funny Tops Printed Graphic T Shirt-black,1661.44,39,1013.76,,0,Non,Not a brand,Jumia
249,250,Fashion The Black Stones T-Shirts Men Unique 100% Cotton Tees Round Collar Short Sleeve T Shirts Gift Idea Tops-466640139-Black,1551.0,42,900.0,,0,Non,Not a brand,Jumia
250,251,Fashion Osaki Manga T Shirt Men 100% Cotton Casual T-Shirts Round Neck Anime Tee Shirt Short Sleeve Tops Plus Size-black-5,1551.0,42,900.0,,0,Non,Not a brand,Jumia
251,252,"Fashion Men's 3D Print T-shirt, Lightning Landscape Print T-shirt, Black Summer T-shirt, Round Neck Beach T-shirt-SD-23",1240.0,42,720.0,,0,Non,Not a brand,Jumia
252,253,Fashion Men's T-shirt Cotton Short Sleeve Tide Man Fashion Big Size Bottoming Men's T-shirt Tops Round Neck Tee Summer White Tee-black,1248.0,42,724.0,,0,Non,Not a brand,Jumia
253,254,Fashion Pure Black Men's Simple Lines Printed Short-sleeved Tops Low-profile Versatile Thin Daily Round Neck Pullover Comfortable Breath-SY033,922.0,42,535.0,,0,Non,Not a brand,Jumia
254,255,Fashion The Black Stones T-Shirts Men Unique 100% Cotton Tees Round Collar Short Sleeve T Shirts Gift Idea Tops-466640646-Black,1551.0,42,900.0,,0,Non,Not a brand,Jumia
255,256,Fashion Brand  Men's T Shirt Pure Color Lycra Cotton Short Sleeved T-Shirt Male Round Neck  Tops  Cotton Bottoming Shirt-black,1118.0,42,649.0,,0,Non,Not a brand,Jumia
256,257,Osaki Manga T Shirt Men 100% Cotton Casual T-Shirts Round Neck Anime Tee Shirt Short Sleeve Tops Plus Size-black-2,1661.44,39,1013.76,,0,Non,Not a brand,Jumia
257,258,Fashion Tokyo Ghoul T-shirt Round Neck Short Sleeve Casual Anime Elements-black,1266.0,42,735.0,,0,Non,Not a brand,Jumia
258,259,Fashion Rac Round Neck Black T-shirt Fashion Casual Outdoor Streetwear Summer T-shirt 3d Men's Short-sleeved T-shirt Top-DY,1281.0,42,743.0,,0,Non,Not a brand,Jumia
259,260,Men's T-shirt Cotton Short Sleeve Tide Man Fashion Big Size Bottoming Men's T-shirt Tops Round Neck Tee Summer  Tee-black,1523.52,39,929.6,,0,Non,Not a brand,Jumia
260,261,The Black Stones T-Shirts Men Unique 100% Cotton Tees Round Collar Short Sleeve T Shirts Gift Idea Tops-466640553-Black,1661.44,39,1013.76,,0,Non,Not a brand,Jumia
261,262,Men Tank Tops Mesh Patchwork 2021 Round Neck Sleeveless See Through Sexy Vests Streetwear Party Nightclub Men Crop Tops Black SFH,896.96,39,547.2,,0,Non,Not a brand,Jumia
262,263,Fashion Men Giraffe Short Sleeve Round Neck Patchwork-Black,1022.0,50,511.0,,0,Non,Not a brand,Jumia
263,264,Fashion Men Stripe Long Sleeve Round Neck Loose Fit-Black,1480.0,50,740.0,,0,Non,Not a brand,Jumia
264,265,Izor Casual Round Short Sleeves Slip On T-Shirt - Grey & Red&black,499.0,67,164.0,4.9,8,official_store,izor,Jumia
265,266,Direwolf T Shirt Printed Cotton Round Neck Black,280.0,0,280.0,,0,Non,Not a brand,Jumia
266,267,Lemarche Set Of 4 Men Round Neck Tees - Dark Grey,499.0,0,499.0,,0,Non,Not a brand,Jumia
267,268,Fashion Men's soft cotton t-shirts short-sleeved short pants with round neck regular adjustment black white yellow basic 100% novelty summer M-4XL,810.4,0,810.4,,0,Non,Not a brand,Jumia
268,269,Fashion T-shirt with colorful print for men and woman Funny t-shirt with illusion drawing in black and white round neck jersey 3D t-shirt,434.0,0,434.0,,0,Non,Not a brand,Jumia
269,270,Fashion T-shirt with colorful print for men and woman Funny t-shirt with illusion drawing in black and white round neck jersey 3D t-shirt,434.0,0,434.0,,0,Non,Not a brand,Jumia
270,271,Fashion 3D Print T-shirt for Mens T-Shirt with Landscape Print Lightning Black Summer T-shirt Round Neck Beach T-Shirt,394.4,0,394.4,,0,Non,Not a brand,Jumia
271,272,MYDBSH 2019 Summer Cotton Round Neck Solid T Shirts Casual Sleeveless T Shirt Men Fitness Bodybuilder T-Shirt Muscle Man Tshirt(O Neck Black),1088.0,42,631.0,,0,Non,Not a brand,Jumia
272,273,Fashion (Black)Build Brand Men's T-shirts Round Neck Diy Logo Basic Thickened Neckline Shirts Custom Your Design 25 Colors Plus Size S-XXXXXL SCH,1475.0,42,850.0,,0,Non,Not a brand,Jumia
273,274,Fashion T-shirt with colorful print for men and woman Funny t-shirt with illusion drawing in black and white round neck jersey 3D t-shirt,434.0,0,434.0,,0,Non,Not a brand,Jumia
274,275,White Rabbit No Parking Printed Sign Black Round Collar T-Shirt,436.0,50,218.0,,0,Non,Not a brand,Jumia
275,276,Fashion T-shirt with colorful print for men and woman Funny t-shirt with illusion drawing in black and white round neck jersey 3D t-shirt,434.0,0,434.0,,0,Non,Not a brand,Jumia
276,277,Fashion (White Black)Letter Print Patchwork T Shirts For Men Plus Size Loose Short Sleeve Summer Tshirt New Casual Male Tee Shirt Round Neck Tops SCH,1863.0,42,1080.0,,0,Non,Not a brand,Jumia
277,278,Fashion Large Size 1XXXXXL 210KG Men&#39;s T-Shirt  Big Size 1XXXXL  8XL  10XL  1XXL Summer Short Sleeve Round Neck Loose Casual Black Gray White,2067.0,42,1190.0,,0,Non,Not a brand,Jumia
278,279,Fashion (dark Blue)New T Shirt Men Summer Linen Cotton Short Sleeve For Men T-shirt Round Neck Breathable Soft Tops & Tees - Size M-XXXL SCH,1724.0,42,1000.0,,0,Non,Not a brand,Jumia
279,280,Fashion Playboi Carti-Short-sleeved t-shirts Black Round Neck T-Shirt,558.0,0,558.0,,0,Non,Not a brand,Jumia
280,281,Fashion (Black)New T Shirt Men Summer Linen Cotton Short Sleeve For Men T-shirt Round Neck Breathable Soft Tops & Tees - Size M-XXXL SCH,1724.0,42,1000.0,,0,Non,Not a brand,Jumia
281,282,Fashion (100 Cotton Black)Oversized T-shirt Men's Lightning Print Solid Color Tees Shirt Spring Summer New Round Neck Casual Man Half Short Sleeves Tops SCH,1789.0,42,1030.0,,0,Non,Not a brand,Jumia
282,283,Fashion Large Size 1XXXXXL 210KG Men&#39;s T-Shirt  Big Size 1XXXXL  8XL  10XL  1XXL Summer Short Sleeve Round Neck Loose Casual Black Gray White,2067.0,42,1190.0,,0,Non,Not a brand,Jumia
283,284,Direwolf D Wolfstore Tshirt Friends Printed Cotton Round Neck Black,299.0,0,299.0,,0,Non,Not a brand,Jumia
284,285,Fashion (Dark Yellow)Build Brand Men's T-shirts Round Neck Diy Logo Basic Thickened Neckline Shirts Custom Your Design 25 Colors Plus Size S-XXXXXL SCH,1475.0,42,850.0,,0,Non,Not a brand,Jumia
285,286,Fashion Large Size 1XXXXXL 210KG Men&#39;s T-Shirt  Big Size 1XXXXL  8XL  10XL  1XXL Summer Short Sleeve Round Neck Loose Casual Black Gray White,2067.0,42,1190.0,,0,Non,Not a brand,Jumia
286,287,Men T Shirt Long Leeve Cotton Spring Autumn Thermal Undershirt Armor Mens T Shirts Full Sleeve Round Neck Casual Men'S Tees Hot(V NECK BLACK),1160.0,42,673.0,,0,Non,Not a brand,Jumia
287,288,"White Rabbit Printed & Stitched Patterned Round Neck T-Shirt - Orange, White & Black",383.0,50,191.0,,0,Non,Not a brand,Jumia
288,289,Men T Shirt Long Leeve Cotton Spring Autumn Thermal Undershirt Armor Mens T Shirts Full Sleeve Round Neck Casual Men'S Tees Hot(O BLACK),1160.0,42,673.0,,0,Non,Not a brand,Jumia
289,290,White Rabbit Round Collar Printed T-Shirt -Black,381.0,50,190.0,,0,Non,Not a brand,Jumia
290,291,Fashion Large Size 1XXXXXL 210KG Men&#39;s T-Shirt  Big Size 1XXXXL  8XL  10XL  1XXL Summer Short Sleeve Round Neck Loose Casual Black Gray White,2067.0,42,1190.0,,0,Non,Not a brand,Jumia
291,292,Fashion (Black)2021 Quick-Drying Round Neck T-Shirt Custom Sport T-Shirt Logo Embroidery Printed Pattern Design SCH,1472.0,42,850.0,,0,Non,Not a brand,Jumia
292,293,Printed On Off Round Neck T-Shirt - Black,300.0,0,300.0,,0,Non,Not a brand,Jumia
293,294,Fashion Large Size 1XXXXXL 210KG Men&#39;s T-Shirt  Big Size 1XXXXL  8XL  10XL  1XXL Summer Short Sleeve Round Neck Loose Casual Black Gray White,2067.0,42,1190.0,,0,Non,Not a brand,Jumia
294,295,"White Rabbit ""W.Rabbit EST 1979"" Printed Round Neck T-Shirt - White, Black & Grey",383.0,50,191.0,,0,Non,Not a brand,Jumia
295,296,Fashion Summer Pure Color Cultivate One's Morality Short Sleeve T-shirt Male Modal Cotton Round Collar Thin Clothes Man Pure White Rende(#Black),1575.0,20,1260.0,,0,Non,Not a brand,Jumia
296,297,Direwolf Printed Cotton T-shirt  Printed  Round Neck - Black,280.0,0,280.0,5.0,1,Non,Not a brand,Jumia
297,298,Fashion SEMIR T-shirt Men Short-sleeved 2019 Summer New Cotton Bottoming Tshirt Letters Embroidery T-shirt Round Neck Clothes Trend(black),1076.0,42,624.0,,0,Non,Not a brand,Jumia
298,299,White Rabbit Black Round Neck Front Printed Cotton Men Tee,522.0,50,261.0,,0,Non,Not a brand,Jumia
299,300,Fashion Large Size 1XXXXXL 210KG Men&#39;s T-Shirt  Big Size 1XXXXL  8XL  10XL  1XXL Summer Short Sleeve Round Neck Loose Casual Black Gray White,2067.0,42,1190.0,,0,Non,Not a brand,Jumia
300,301,Fashion Cuff Links Gold&Black Color Round Mens,694.0,31,482.0,,0,Non,Not a brand,Jumia
301,302,Fashion Cuff Links Gold&Black Color Round Mens,694.0,31,482.0,,0,Non,Not a brand,Jumia
302,303,Fashion Men Cartoon Short Sleeve Round Neck Breathable Loose-Black,1094.0,50,547.0,,0,Non,Not a brand,Jumia
303,304,"Izor ""Game For Peace"" Printed Patterned Round Neck T-Shirt - Black.",300.0,29,214.0,,0,Non,Not a brand,Jumia
304,305,Carina Woman Black Viscose Round Neck T-Shirt,179.99,0,179.99,4.7,3,official_store,carina,Jumia
305,306,Carina Woman Black Cotton Round Neck Basic T-Shirt,179.99,0,179.99,3.7,3,official_store,carina,Jumia
306,307,Izor Kids Basic Round Slip On T-shirt - Black,499.0,65,174.0,5.0,1,official_store,izor,Jumia
307,308,Jet Women Under Shirt Round Neck And Long Sleeves - Black,135.0,0,135.0,4.0,30,Non,Not a brand,Jumia
308,309,Jet Women Underwear Shirt Round Neck And Half Sleeve - Black,115.0,0,115.0,3.5,2,Non,Not a brand,Jumia
309,310,Caesar Boys Round Neck Shirt Printed - Black,202.0,20,162.0,4.3,20,official_store,caesar,Jumia
310,311,Kady Round Neck Striped Basic T-shirt Casual Look With Printed Pocket - Black & Olive,459.0,67,150.0,2.7,3,official_store,kady,Jumia
311,312,"Activ ""Activ Catch The Wave"" Printed Round Collar Short Sleeves Black Kids T-Shirt",399.0,30,279.0,,0,official_store,activ,Jumia
312,313,AlNasser Black Printed Round Neck Girls T-Shirt,115.0,0,115.0,,0,Non,Not a brand,Jumia
313,314,Women Black /reflective  Letter Round Neck Loose Comfortable Short T-Shirt,400.0,38,250.0,,0,Non,Not a brand,Jumia
314,315,"Activ Printed Tri-Tone Short Sleeves Round Collar Kids T-Shirt - Black, White & Dusty Rose",399.0,33,269.0,,0,official_store,activ,Jumia
315,316,High Quality Men's Short Sleeve T-Shirt Round Neck Slim Embroidery Tide Summer Tops T-Shirt Black,284.48,1,281.6,,0,Non,Not a brand,Jumia
316,317,Black Friday Deal 4in1 Men's Solid Color Long Sleeve Round Neck T-Shirt,1239.04,41,733.12,,0,Non,Not a brand,Jumia
317,318,TUT BTS Army Women Round T-Shirt Short Sleeve Slim Print Black,339.0,0,339.0,,0,Non,Not a brand,Jumia
318,319,Fashion (Black)2023 Autumn Fashion Sreetwear Sexy Bling Diamonds Rhinestone Round Neck Long Sleeve Bright  Hollow Out Lady T-Shirt Women's Tops SMA,2282.0,42,1320.0,,0,Non,Not a brand,Jumia
319,320,Fashion Sleeveless Round Neck Chiffon Shirt Cheap Cloth Korean Vestidos Black,1087.0,42,630.0,,0,Non,Not a brand,Jumia
320,321,TUT Rise & Shine Pretty Girl T-Shirt Women Round Cotton - Black,329.0,0,329.0,5.0,1,Non,Not a brand,Jumia
321,322,Activ Printed Round Collar Short Sleeves Kids T-Shirt - Black,399.0,38,249.0,,0,official_store,activ,Jumia
322,323,Kady Full Sleeves Rounded Neck T-Shirt - Dark Heather Grey,333.0,52,159.0,4.0,81,Non,Not a brand,Jumia
323,324,TUT BTS Love Myself Women Round T-Shirt Short Slim Fit - Black,329.0,0,329.0,,0,Non,Not a brand,Jumia
324,325,Black Round Neck Sleeveless Harajuku Women's T-shirt Cotton Crop Top Women's Shirt Girls Lady Tee Tops Streetwear Camiseta Mujer(#Red),950.0,20,760.0,,0,Non,Not a brand,Jumia
325,326,TUT Women T-Shirt Round Neck Short Sleeve Slim Fit Basic - Black,239.0,0,239.0,5.0,1,Non,Not a brand,Jumia
326,327,TUT Black Blink Women Round T-Shirt Cotton Short Sleeve Slim Fit,339.0,0,339.0,,0,Non,Not a brand,Jumia
327,328,TUT Women T-Shirt Round Neck Short Sleeve Slim Fit Basic - Black,239.0,0,239.0,5.0,3,Non,Not a brand,Jumia
328,329,Kady Short Sleeved Round Neck Boys T-Shirt - Dark Grey & Heather Grey,198.0,50,99.0,,0,official_store,kady,Jumia
329,330,New Spring Autumn Round Neck Long Sleeve Black Split Joint Loose Big Size Personality T-shirt Women Tide JR574(#black),2008.0,20,1608.0,,0,Non,Not a brand,Jumia
330,331,TUT Enigma Women Round Cotton Tshirt Short Sleeve Slim Fit Black,329.0,0,329.0,,0,Non,Not a brand,Jumia
331,332,Kady Short Sleeved Round Neck Boys T-Shirt - Grey & Dark Grey,198.0,50,99.0,,0,official_store,kady,Jumia
332,333,BTS TUT Women Round Cotton T-Shirt Short Sleeve Slim Fit Printed Black,359.0,0,359.0,,0,Non,Not a brand,Jumia
333,334,TUT Happiness Is Me T-Shirt Women Round Short Sleeve Print Black,329.0,0,329.0,,0,Non,Not a brand,Jumia
334,335,Summer Women's Cartoon Print Sequined Short Sleeve Round Neck Loose Hip Hop Sexy Long T-shirt Tops(#Black),1959.0,20,1567.0,,0,Non,Not a brand,Jumia
335,336,TUT Basic Women Round Neck Cotton T-Shirt Long Sleeve Slim Fit - Black,239.0,0,239.0,2.7,3,Non,Not a brand,Jumia
336,337,Kady Kids Short Sleeves Round T-shirt - Dark Olive,279.0,70,83.0,5.0,2,official_store,kady,Jumia
337,338,"Activ ""New Limits"" Printed Patterned Short Sleeves Round Collar Kids T-Shirt - Black & Creamy",399.0,38,249.0,,0,official_store,activ,Jumia
338,339,Fashion (Sky Blue)Women Chiffon Blouses Off Shoulder Ruffles Half Sleeve  Round Neck Bowknot Striped Shirt Tops for Daily Wear Black Plus Size CHA,1520.0,42,880.0,,0,Non,Not a brand,Jumia
339,340,Happiness TUT Women Round T-Shirt Short Sleeve Printed - Blue Black,209.0,0,209.0,4.0,1,Non,Not a brand,Jumia
340,341,Fashion (black)Summer Blouse Women White Lace Short Sleeve Plus Size Korean Crochet Round Neck Hollow Out Tops Shirt Camisas Femininas Qz* CHA,1800.0,42,1040.0,,0,Non,Not a brand,Jumia
341,342,Happiness TUT Women Round T-Shirt Short Sleeve Printed - Black,339.0,0,339.0,,0,Non,Not a brand,Jumia
342,343,Black Round Neck Sleeveless Harajuku Women's T-shirt Cotton Crop Top Women's Shirt Girls Lady Tee Tops Streetwear Camiseta Mujer(#Orange),950.0,20,760.0,,0,Non,Not a brand,Jumia
343,344,Fashion (black)Boring Honey Summer Clothes For Women Stripe Contrast Color Round Collar Short Tops All-Match Base Shirt Crop Top T-Shirt WEF,1606.0,42,930.0,,0,Non,Not a brand,Jumia
344,345,Andora Dark Red Printed Cat Slip On Rounded Neck Girls T-Shirt,224.0,33,149.0,,0,official_store,andora,Jumia
345,346,Fashion (Pink)Women Chiffon Blouses Off Shoulder Ruffles Half Sleeve  Round Neck Bowknot Striped Shirt Tops for Daily Wear Black Plus Size CHA,1520.0,42,880.0,,0,Non,Not a brand,Jumia
346,347,TUT Queen Women T-shirt Round Cotton Short Sleeve Unisex Black,339.0,0,339.0,,0,Non,Not a brand,Jumia
347,348,Basic Black T Shirt Women Round Neck Cotton Short Slim Fit,239.2,0,239.2,,0,Non,Not a brand,Jumia
348,349,"Ted Marchel ""Believer"" Round Collar Short Sleeves Boys T-Shirt - Black",175.0,0,175.0,,0,Non,Not a brand,Jumia
349,350,TUT The King Is Woman Round T-Shirt Short Sleeve Printed - Black,329.0,0,329.0,,0,Non,Not a brand,Jumia
350,351,Fashion (dark Blue 200G)200g Cotton T-shirt Basic 100% Cotton Solid Color Summer Round Neck Bottoming Shirt Korean Men  Women Short Sleeves SMA,1737.0,42,1000.0,,0,Non,Not a brand,Jumia
351,352,Fashion (Dark Green-O)80 Double-sided Mercerized Cotton Short-sleeved T-shirts Women's Tops Round Neck Solid Color Half-sleeved Women's T-shirts S-4XL RA,1732.0,42,1000.0,,0,Non,Not a brand,Jumia
352,353,TUT Save The Drama For Your Mama T-Shirt Women Round Slim Black,329.0,0,329.0,,0,Non,Not a brand,Jumia
353,354,Fashion (Jingya Black V-neck)Spring Summer Women Mulberry Silk T-shirt Round Neck Solid Color Loose Mercerized Cotton Woman T-shirt Simple Casual Tops 2021 SMA,2029.0,42,1170.0,,0,Non,Not a brand,Jumia
354,355,TUT Beauty In Our Women Tshirt Round Cotton Short Slim Fit Black,399.0,0,399.0,,0,Non,Not a brand,Jumia
355,356,Fashion New Fashion Summer Women's Casual Round Neck Tshirt Lace Hollow Stitching Short Sleeve Shirt Heart Print Top Lady Streewear Black,1247.0,42,723.0,,0,Non,Not a brand,Jumia
356,357,TUT Harmony Women Round Cotton Tshirt Short Sleeve SlimFit Black,379.0,0,379.0,,0,Non,Not a brand,Jumia
357,358,TUT Women T-Shirt Round Neck Short Sleeve Slim Fit Printed Black,329.0,0,329.0,,0,Non,Not a brand,Jumia
358,359,TUT Be Happy Women Round Cotton T-Shirt Short Slim Fit - Black,379.0,0,379.0,,0,Non,Not a brand,Jumia
359,360,Loose Pleated T-shirt Round Collar Batwing Half Sleeve Pleated Women's Big Size Tops YE112(#black),2798.0,20,2240.0,,0,Non,Not a brand,Jumia
360,361,Fashion Men Solid Color Casual Sport T Shirt Sleeveless Round Neck Vest Slim Fitness Tank Top Undershirt Men's Clothing-Black,1250.0,42,725.0,,0,Non,Not a brand,Jumia
361,362,Fashion Summer Men's Sports Cotton Sleeveless T-shirt Round Neck Loose  Sports Tank Tops Singlet Men 8XL 9XL-black,1597.0,42,927.0,,0,Non,Not a brand,Jumia
362,363,Black Friday Deal 4in1 Value Men's Short Sleeve Round Neck T-Shirt,1383.04,41,818.56,,0,Non,Not a brand,Jumia
363,364,Black Friday Deal 4in1 Men's Solid Color Long Sleeve Round Neck T-Shirt,1239.04,41,733.12,,0,Non,Not a brand,Jumia
364,365,Men's Round Neck T-shirt Shoulder Color Matching - Black,711.04,23,546.88,,0,Non,Not a brand,Jumia
365,366,"Fashion (Black T-shirt)2021NEW Summer Sleeveless Round Neck Heavy Industry Irregular Camisole, Herringbone Cotton Fashion All-match Double-shoulder Top WAR",3458.0,42,2000.0,,0,Non,Not a brand,Jumia
366,367,"Fashion (Black)Small Fashion, Solid Color, Round Neck, Pullover, Herringbone Waist, Irregular Waistcoat, T-shirt, Ladies' Summer New Style, Top WAR",3363.0,42,1950.0,,0,Non,Not a brand,Jumia
367,368,2 Pieces Men's Long Sleeve T-Shirt Loose Round Collar Student Hole Top-Black/White,1498.24,34,985.28,,0,Non,Not a brand,Jumia
368,369,Black Friday Deal 4in1 Men's Solid Color Long Sleeve Round Neck T-Shirt,1239.04,41,733.12,,0,Non,Not a brand,Jumia
369,370,2 Piece Men's Round Neck Short Sleeve Shirt & Shorts -Black,1902.08,39,1164.16,,0,Non,Not a brand,Jumia
370,371,Black Friday Deal 4in1 Men's Solid Color Long Sleeve Round Neck T-Shirt,1239.04,41,733.12,,0,Non,Not a brand,Jumia
371,372,Black Friday Deal 4in1 Value Men's Short Sleeve Round Neck T-Shirt,1383.04,41,818.56,,0,Non,Not a brand,Jumia
372,373,Fashion (black-V)80 Double-sided Mercerized Cotton Short-sleeved T-shirts Women's Tops Round Neck Solid Color Half-sleeved Women's T-shirts S-4XL RA,1732.0,42,1000.0,,0,Non,Not a brand,Jumia
373,374,Fashion (Dark Gray-V)80 Double-sided Mercerized Cotton Short-sleeved T-shirts Women's Tops Round Neck Solid Color Half-sleeved Women's T-shirts S-4XL SMA,1787.0,42,1030.0,,0,Non,Not a brand,Jumia
374,375,Fashion (B31-Black)Striped Short Sleeve Women's Breathable Summer T-shirt Women's Short Knitted Round Neck Top Woman Tshirts Tops Mujer Camisetas SMA,1698.0,42,980.0,,0,Non,Not a brand,Jumia
375,376,Fashion (B31-Black)Striped Short Sleeve Women's Breathable Summer T-shirt Women's Short Knitted Round Neck Top Woman Tshirts Tops Mujer Camisetas RA,1643.0,42,950.0,,0,Non,Not a brand,Jumia
376,377,Fashion (black-V)80 Double-sided Mercerized Cotton Short-sleeved T-shirts Women's Tops Round Neck Solid Color Half-sleeved Women's T-shirts S-4XL SMA,1787.0,42,1030.0,,0,Non,Not a brand,Jumia
377,378,Fashion (B30-Black)Striped Short Sleeve Women's Breathable Summer T-shirt Women's Short Knitted Round Neck Top Woman Tshirts Tops Mujer Camisetas RA,1643.0,42,950.0,,0,Non,Not a brand,Jumia
378,379,Fashion (Black Crew Neck)Spring Summer Women Mulberry Silk T-shirt Round Neck Solid Color Loose Mercerized Cotton Woman T-shirt Simple Casual Tops 2021 RA,1974.0,42,1140.0,,0,Non,Not a brand,Jumia
379,380,Fashion (Dark Gray-O)80 Double-sided Mercerized Cotton Short-sleeved T-shirts Women's Tops Round Neck Solid Color Half-sleeved Women's T-shirts S-4XL RA,1732.0,42,1000.0,,0,Non,Not a brand,Jumia
380,381,Fashion (Black)Women's Knitted Plush Long Sleeve Round Neck T-shirt Fashion Heart-Shaped Hollow Out Solid Color Versatile Cropped Top SMA,1794.0,42,1040.0,,0,Non,Not a brand,Jumia
381,382,Fashion (dark Grey 200G)200g Cotton T-shirt Basic 100% Cotton Solid Color Summer Round Neck Bottoming Shirt Korean Men  Women Short Sleeves RA,1682.0,42,970.0,,0,Non,Not a brand,Jumia
382,383,Fashion (Dark Blue-O)80 Double-sided Mercerized Cotton Short-sleeved T-shirts Women's Tops Round Neck Solid Color Half-sleeved Women's T-shirts S-4XL SMA,1787.0,42,1030.0,,0,Non,Not a brand,Jumia
383,384,Fashion (black  200G)200g Cotton T-shirt Basic 100% Cotton Solid Color Summer Round Neck Bottoming Shirt Korean Men  Women Short Sleeves SMA,1737.0,42,1000.0,,0,Non,Not a brand,Jumia
384,385,Fashion (Dark Green-V)80 Double-sided Mercerized Cotton Short-sleeved T-shirts Women's Tops Round Neck Solid Color Half-sleeved Women's T-shirts S-4XL SMA,1787.0,42,1030.0,,0,Non,Not a brand,Jumia
385,386,Fashion (Dark Blue-V)80 Double-sided Mercerized Cotton Short-sleeved T-shirts Women's Tops Round Neck Solid Color Half-sleeved Women's T-shirts S-4XL RA,1732.0,42,1000.0,,0,Non,Not a brand,Jumia
386,387,Fashion (dark Grey 200G)200g Cotton T-shirt Basic 100% Cotton Solid Color Summer Round Neck Bottoming Shirt Korean Men  Women Short Sleeves SMA,1737.0,42,1000.0,,0,Non,Not a brand,Jumia
387,388,Fashion (Dark Gray-V)80 Double-sided Mercerized Cotton Short-sleeved T-shirts Women's Tops Round Neck Solid Color Half-sleeved Women's T-shirts S-4XL RA,1732.0,42,1000.0,,0,Non,Not a brand,Jumia
388,389,Fashion (Black)Women's Knitted Plush Long Sleeve Round Neck T-shirt Fashion Heart-Shaped Hollow Out Solid Color Versatile Cropped Top RA,1739.0,42,1000.0,,0,Non,Not a brand,Jumia
389,390,Fashion (Dark Green-O)80 Double-sided Mercerized Cotton Short-sleeved T-shirts Women's Tops Round Neck Solid Color Half-sleeved Women's T-shirts S-4XL SMA,1787.0,42,1030.0,,0,Non,Not a brand,Jumia
390,391,Fashion (Dark Blue-O)80 Double-sided Mercerized Cotton Short-sleeved T-shirts Women's Tops Round Neck Solid Color Half-sleeved Women's T-shirts S-4XL RA,1732.0,42,1000.0,,0,Non,Not a brand,Jumia
391,392,Fashion (Dark Blue-V)80 Double-sided Mercerized Cotton Short-sleeved T-shirts Women's Tops Round Neck Solid Color Half-sleeved Women's T-shirts S-4XL SMA,1787.0,42,1030.0,,0,Non,Not a brand,Jumia
392,393,Fashion (Black)2023 Spring New Mesh T-Shirt Gauze Fashion Round Neck Hollowed Out Hot Drill Long-Sleeved Tops Women's Blusas RA,1681.0,42,970.0,,0,Non,Not a brand,Jumia
393,394,Fashion (Black)Sexy Hollow Out Women T Shirt Casual Round Neck Long Sleeve Skinny Cropped Tops 2023 Autumn Solid Elegant Basic Tees SMA,1636.0,43,940.0,,0,Non,Not a brand,Jumia
394,395,Fashion (Black) Hollow Out Women T Shirt Casual Round Neck Long Sleeve Skinny Cropped Tops 2023 Autumn Solid Elegant Basic Tees RA,1581.0,42,910.0,,0,Non,Not a brand,Jumia
395,396,Fashion (B30-Black)Striped Short Sleeve Women's Breathable Summer T-shirt Women's Short Knitted Round Neck Top Woman Tshirts Tops Mujer Camisetas SMA,1698.0,42,980.0,,0,Non,Not a brand,Jumia
396,397,Fashion (Black)New Women Summer Crop Tops Skinny Slim Fit Short Sleeves Round Neck Pullover T-shirts SCI88 RA,1453.0,42,840.0,,0,Non,Not a brand,Jumia
397,398,Fashion (Black Crew Neck)Spring Summer Women Mulberry Silk T-shirt Round Neck Solid Color Loose Mercerized Cotton Woman T-shirt Simple Casual Tops 2021 SMA,2029.0,42,1170.0,,0,Non,Not a brand,Jumia
398,399,Fashion (black-O)80 Double-sided Mercerized Cotton Short-sleeved T-shirts Women's Tops Round Neck Solid Color Half-sleeved Women's T-shirts S-4XL RA,1732.0,42,1000.0,,0,Non,Not a brand,Jumia
399,400,Fashion (Dark Green-V)80 Double-sided Mercerized Cotton Short-sleeved T-shirts Women's Tops Round Neck Solid Color Half-sleeved Women's T-shirts S-4XL RA,1732.0,42,1000.0,,0,Non,Not a brand,Jumia
400,401,Fashion (Black)New Women Summer Crop Tops Skinny Slim Fit Short Sleeves Round Neck Pullover T-shirts SCI88 SMA,1508.0,42,870.0,,0,Non,Not a brand,Jumia
401,402,Fashion (Black)2022 New Summer Sleeveless Loose Irregular Tank Top Women Casual Solid Round Neck Miyak Pleated T-shirt Female Clothes Tee SMA,1984.0,42,1150.0,,0,Non,Not a brand,Jumia
402,403,Fashion (Jingya Black V-neck)Spring Summer Women Mulberry Silk T-shirt Round Neck Solid Color Loose Mercerized Cotton Woman T-shirt Simple Casual Tops 2021 RA,1974.0,42,1140.0,,0,Non,Not a brand,Jumia
403,404,Fashion (dark Blue 200G)200g Cotton T-shirt Basic 100% Cotton Solid Color Summer Round Neck Bottoming Shirt Korean Men  Women Short Sleeves RA,1682.0,42,970.0,,0,Non,Not a brand,Jumia
404,405,Fashion (Black)2023 Spring New Mesh T-Shirt Gauze Fashion Round Neck Hollowed Out Hot Drill Long-Sleeved Tops Women's Blusas SMA,1736.0,42,1000.0,,0,Non,Not a brand,Jumia
405,406,Fashion (Dark Gray-O)80 Double-sided Mercerized Cotton Short-sleeved T-shirts Women's Tops Round Neck Solid Color Half-sleeved Women's T-shirts S-4XL SMA,1787.0,42,1030.0,,0,Non,Not a brand,Jumia
406,407,Fashion (black-O)80 Double-sided Mercerized Cotton Short-sleeved T-shirts Women's Tops Round Neck Solid Color Half-sleeved Women's T-shirts S-4XL SMA,1787.0,42,1030.0,,0,Non,Not a brand,Jumia
407,408,Fashion (Black)2022 New Summer Sleeveless Loose Irregular Tank Top Women Casual Solid Round Neck Miyak Pleated T-shirt Female Clothes Tee RA,1929.0,42,1110.0,,0,Non,Not a brand,Jumia
408,409,Fashion (black  200G)200g Cotton T-shirt Basic 100% Cotton Solid Color Summer Round Neck Bottoming Shirt Korean Men  Women Short Sleeves RA,1682.0,42,970.0,,0,Non,Not a brand,Jumia
409,410,Fashion (Black)2023 Autumn Fashion Sreetwear  Bling Diamonds Rhinestone Round Neck Long Sleeve Bright  Hollow Out Lady T-Shirt Women's Tops RA,2227.0,42,1290.0,,0,Non,Not a brand,Jumia
410,411,Fashion (Black)Women Chiffon Blouses Off Shoulder Ruffles Half Sleeve  Round Neck Bowknot Striped Shirt Tops for Daily Wear Black Plus Size CHA,1520.0,42,880.0,,0,Non,Not a brand,Jumia
411,412,Fashion (Navy Blue)Women Chiffon Blouses Off Shoulder Ruffles Half Sleeve  Round Neck Bowknot Striped Shirt Tops for Daily Wear Black Plus Size CHA,1520.0,42,880.0,,0,Non,Not a brand,Jumia
412,413,Fashion (SZE Black)Summer Blouse 2022 Casual Slim Short-sleeved Round Neck Pleated Splicing Shirt Women Blouse  White Pullover Shirts Blusas CHA,1520.0,42,880.0,,0,Non,Not a brand,Jumia
413,414,Fashion (Black)Vintage Women Blouse Top Crochet Long Sleeve Round Neck Lace Stitching Hollow Office Lady Fall Shirt For Work CHA,1800.0,42,1040.0,,0,Non,Not a brand,Jumia
414,415,New Spring Summer Round Neck Short Sleeve Black Hollow Out Split Joint Big Size T-shirt Women Tide JW045(#black),2231.0,20,1785.0,,0,Non,Not a brand,Jumia
415,416,Fashion Women Long Sleeve Slim Bandage Bodysuit Leotard Tops Blo Round Neck Basic Pure Color Shirt Jumpsuit Rompers-black,1587.0,42,921.0,,0,Non,Not a brand,Jumia
416,417,T-Shirt Ice Cotton Tops Women Spring Autumn Casual Tees Shirt Ladies Round Neck Slim Winter Bottoming Tops Plus Size(#Black),1555.0,20,1244.0,,0,Non,Not a brand,Jumia
417,418,Women Slim Fit Loose Loose T-Shirt Ladies Autumn Casual Hollow Long Sleeve Crop Round Neck Tops T Shirts Evening Stretch Sports(#Black),1159.0,20,927.0,,0,Non,Not a brand,Jumia
418,419,Summer Casual Solid Female Cotton T-Shirt Short Sleeve Round Neck T-Shirt High Waist Slim T-shirts For Women Camiseta Mujer(#Black),993.0,20,794.0,,0,Non,Not a brand,Jumia
419,420,T Shirt Women Female T-shirt Long Sleeves Slim Fit Round Neck Mixed Color Casual Tops Women Shirt Mujer T-shirts Woman(#Black),1082.0,20,866.0,,0,Non,Not a brand,Jumia
420,421,Black Round Neck Sleeveless Harajuku Women's T-shirt Cotton Crop Top Women's Shirt Girls Lady Tee Tops Streetwear Camiseta Mujer(#Black),950.0,20,760.0,,0,Non,Not a brand,Jumia
421,422,Beauty In Our Women Round Cotton T-Shirt Short Sleeve Slim Fit - Black,359.0,0,359.0,,0,Non,Not a brand,Jumia
422,423,Andora Boys 2 Chest Tape Round T-shirt - Black & Grey,375.0,74,99.0,,0,Non,Not a brand,Jumia
423,424,Fashion Femme Navel T-shirt Round Neck Short Loose Tee Shirt Summer Streetwear Black,1087.0,42,630.0,,0,Non,Not a brand,Jumia
424,425,Fashion Sleeve Round Neck T-Shirt High Waist Slim T-shirts For Women Camiseta Mujer Black,1087.0,42,630.0,,0,Non,Not a brand,Jumia
425,426,Fashion Round Neck T-Shirt High Waist Slim T-shirts For Women Camiseta Mujer Dark Green,1087.0,42,630.0,,0,Non,Not a brand,Jumia
426,427,Fashion Maternity Printed Round Neck T-Shirt Short Sleeve Top - Black,1099.0,33,739.0,,0,Non,Not a brand,Jumia
427,428,Fashion Maternity Printed Round Neck Short Sleeve T-Shirt - Black,1199.0,30,839.0,,0,Non,Not a brand,Jumia
428,429,TUT Dream Women Round Cotton T-Shirt Short Slim Fit Print Black,339.0,0,339.0,,0,Non,Not a brand,Jumia
429,430,Fashion 2022 Women's Short Sleeved T Shirt Slim Solid Black Round,1045.0,23,804.0,,0,Non,Not a brand,Jumia
430,431,Fashion 2022 Women's Short Sleeved T Shirt Slim Solid Black Round,1045.0,23,804.0,,0,Non,Not a brand,Jumia
431,432,Fashion 2022 Women's Short Sleeved T Shirt Slim Solid Black Round,1045.0,23,804.0,,0,Non,Not a brand,Jumia
432,433,Fashion 2022 Women's Short Sleeved T Shirt Slim Solid Black Round,1045.0,23,804.0,,0,Non,Not a brand,Jumia
433,434,Fashion Maternity Printed Round Neck Short Sleeve T-Shirt - Black,999.0,33,669.0,,0,Non,Not a brand,Jumia
434,435,Fashion Maternity Printed Round Neck T-Shirt Short Sleeve Top - Black,899.0,34,589.0,,0,Non,Not a brand,Jumia
435,436,Fashion Maternity Printed Round Neck Short Sleeve T-Shirt - Black,1199.0,30,839.0,,0,Non,Not a brand,Jumia
436,437,Fashion Maternity Printed Round Neck T-Shirt Short Sleeve Top - Black,1099.0,33,739.0,,0,Non,Not a brand,Jumia
437,438,Kady Pineapple Round Sleeveless Slip On T-shirt- Multicolour Dark Mint Green,279.0,75,71.0,3.4,9,official_store,kady,Jumia
438,439,Fashion Wings Reflective Round Neck Short-sleeved Loose Printed Cotton T-shirt-Black,1744.0,44,969.0,,0,Non,Not a brand,Jumia
439,440,Men's Plus Size Round Neck Long Sleeve T-shirt-Black,1268.48,44,714.88,,0,Non,Not a brand,Jumia
440,441,Men's Plus Size Round Neck Long Sleeve T-shirt-Black,1343.36,44,757.12,,0,Non,Not a brand,Jumia
441,442,Fashion (blackish Green)Fashion Round Neck T Shirt Women Summer Sexy Sleeveless High Waist Crop Top Cotton Bottom Tops T Shirt Female Streetwear S-L WAR,1570.0,42,910.0,,0,Non,Not a brand,Jumia
442,443,Men's Plus Size Round Neck Long Sleeve T-shirt-Black,1343.36,44,757.12,,0,Non,Not a brand,Jumia
443,444,Cottonil Cottovega Black Round Neck Short Sleeves Undershirt,110.0,15,93.5,4.5,49,official_store,cottonil,Jumia
444,445,Mesery Basic Round Neck Full Sleeves - Black,299.0,67,99.99,4.5,37,official_store,mesery,Jumia
445,446,M Sou Round Neck Plain Sleeveless Feminine Black Top,139.99,50,70.0,5.0,1,Non,Not a brand,Jumia
446,447,Cottonil Cottovega Basic Round Neck Black Undershirt,130.0,15,110.5,4.4,70,official_store,cottonil,Jumia
447,448,Round Neck Cotton Plain Black Gathered Sides Tee,150.0,33,100.0,,0,Non,Not a brand,Jumia
448,449,Striped Long Sleeve Round Neck Black Sweatshirt.,450.0,0,450.0,4.1,58,Non,Not a brand,Jumia
449,450,Carina Women Black Viscose Round Neck Top,179.99,0,179.99,5.0,2,official_store,carina,Jumia
450,451,Carina Woman Black Viscose Long Sleeves Round Neck Top,199.99,0,199.99,5.0,2,official_store,carina,Jumia
451,452,Round Neck Blouse Long Sleeves - Black,499.0,39,304.0,,0,Non,Not a brand,Jumia
452,453,Kady Wide Round Collar Tunic With Sided Sleeves Slits - Black,449.0,56,199.0,2.7,3,official_store,kady,Jumia
453,454,Kady Striped Cap Sleeves Round Neck Top - Dark Mint Green,279.0,73,75.0,,0,official_store,kady,Jumia
454,455,"Andora Slip On Lightweight Blouse With Round Neck - Black, Orange & Blue",299.0,33,199.0,5.0,2,official_store,andora,Jumia
455,456,Women Long Sleeves Cotton Round Neck Undershirt - DARK BLUE,258.0,64,99.0,,0,Non,Not a brand,Jumia
456,457,Fashion Girls Fleece Sweatshirt Round Neck Winter Top Black,966.0,22,756.0,,0,Non,Not a brand,Jumia
457,458,Women Long Sleeves Cotton Round Neck Undershirt - BLACK,258.0,63,99.0,,0,Non,Not a brand,Jumia
458,459,ST ESLA - Dark Blue Patterned Round Neck Tunic Top,489.0,52,235.0,,0,Non,Not a brand,Jumia
459,460,Hanzo Essential Rib Round Neck Crop Top - Black,375.0,33,250.0,,0,Non,Not a brand,Jumia
460,461,Izor Rounded Stylish Women Top With Floral Pocket - Dark Grey,450.0,68,144.0,4.4,10,official_store,izor,Jumia
461,462,"Andora Sleeveless Boys Round Neck Printed Tank Top - Heather Grey, White & Black",149.0,34,99.0,,0,Non,Not a brand,Jumia
462,463,Andora Slip On Black Round Neck Boys Tee,179.0,34,119.0,,0,official_store,andora,Jumia
463,464,Kady Floral Round Neck Slip On Casual Blouse - Dark Red,369.0,54,169.0,,0,official_store,kady,Jumia
464,465,Masters Men Basic Round Neck Half Sleeves Dirby Cotton Stretch - Black,180.0,0,180.0,,0,Non,Not a brand,Jumia
465,466,Hanzo Round Neck Zebra Print Crop Top - White & Black,690.0,49,350.0,,0,Non,Not a brand,Jumia
466,467,Kady Self Patterned Round Neck Top - Multicolour Black & Turquoise,700.0,66,238.0,4.5,4,official_store,kady,Jumia
467,468,Kady Set Of 2 Cotton Round Neck Top & Solid Skirt - Dark Orange,1120.0,48,579.0,,0,official_store,kady,Jumia
468,469,Stylish Round Neck Pullover For Men - Black,330.0,0,330.0,,0,Non,Not a brand,Jumia
469,470,Fashion Men Leisure Solid Color Jumpsuit Tank Tops Sexy Fitness Sleeveless Romper Vests Man Round Neck Bodysuit Comfy Tops Black SFH,1186.0,42,688.0,,0,Non,Not a brand,Jumia
470,471,Fashion (Black)zjaiss 2021 Summer Women Tank Tops Camis Satin Top Women Camisole Style Sexy Sleeveless Vest White Round Neck Loose Tops Vest WAR,1706.0,42,990.0,,0,Non,Not a brand,Jumia
471,472,Fashion (black)Spring Summer Women Korean  Blouse Splice Print Round Neck Casual Loose Shirts Women Loose Blouses DM0070 CHA,1960.0,43,1120.0,,0,Non,Not a brand,Jumia
472,473,Fashion Man Round Neck Bodysuit Tops Mens Leisure Solid Color Jumpsuit Tank Tops Sexy Fitness Sleeveless Romper Vests Plus Size Black SFH,1174.0,42,681.0,,0,Non,Not a brand,Jumia
473,474,2 Piece Set Men's Round Neck Short Sleeve Shorts Set -Black,1860.8,41,1101.44,,0,Non,Not a brand,Jumia
474,475,Fashion Men's Breathable Cotton Vest Round Neck Slim Tank Top Sports Fitness Clothing Solid White Black Gray Tees Elastic Vest Plus Size-white,1358.0,42,787.0,,0,Non,Not a brand,Jumia
475,476,Fashion Men Graphic Tank Top Round Neck 3D Print Sleeveless Daily Texture Tops Men White And Black Clothing Stripe Hip Hop Vest For Men-green,1487.0,42,863.0,,0,Non,Not a brand,Jumia
476,477,Fashion Men Tank Tops Round Neck Sleeveless Hollow Out Breathable Vests Skinny Streetwear Solid Color Casual Men Tops S-5XL INCERUN-Black,1522.0,42,883.0,,0,Non,Not a brand,Jumia
477,478,Fashion Men Sports Tank Top Summer Breathable Sleeveless Round Neck Solid Color Tops Running Fitness Tops For Men Clothing-black,1266.0,42,735.0,,0,Non,Not a brand,Jumia
478,479,Fashion Men Graphic Tank Top Round Neck 3D Print Sleeveless Daily Texture Tops Men White And Black Clothing Stripe Hip Hop Vest For Men-red,1487.0,42,863.0,,0,Non,Not a brand,Jumia
479,480,Fashion Man Round Neck Bodysuit Tops INCERUN Mens Leisure Solid Color Jumpsuit Tank Tops Y Fitness Sleeveless Romper Vests Plus Size-Black,1625.0,42,943.0,,0,Non,Not a brand,Jumia
480,481,Fashion Men Tank Tops Mesh Patchwork Round Neck Streetwear Sleeveless See Through Vests Y Party Nightclub Men Crop Tops INCERUN-Black Print,1504.0,42,872.0,,0,Non,Not a brand,Jumia
481,482,Fashion Men Graphic Tank Top Round Neck 3D Print Sleeveless Daily Texture Tops Men White And Black Clothing Stripe Hip Hop Vest For Men-purple,1487.0,42,863.0,,0,Non,Not a brand,Jumia
482,483,Fashion Men Tank Tops Mesh Patchwork  Round Neck Sleeveless See Through Y Vests Streetwear Party Nightclub Men Crop Tops INCERUN-Black Print,1625.0,42,943.0,,0,Non,Not a brand,Jumia
483,484,Fashion Men's Breathable Cotton Vest Round Neck Slim Tank Top Sports Fitness Clothing Solid White Black Gray Tees Elastic Vest Plus Size-black,1358.0,42,787.0,,0,Non,Not a brand,Jumia
484,485,Fashion Men Graphic Tank Top Round Neck 3D Print Sleeveless Daily Texture Tops Men White And Black Clothing Stripe Hip Hop Vest For Men-orange,1487.0,42,863.0,,0,Non,Not a brand,Jumia
485,486,Fashion Men's Breathable Cotton Vest Round Neck Slim Tank Top Sports Fitness Clothing Solid White Black Gray Tees Elastic Vest Plus Size-gray,1358.0,42,787.0,,0,Non,Not a brand,Jumia
486,487,Fashion Men Tank Tops Mesh Patchwork  Round Neck Sleeveless See Through Y Vests Streetwear Party Nightclub Men Crop Tops INCERUN-Black,1625.0,42,943.0,,0,Non,Not a brand,Jumia
487,488,Fashion Men Summer Fashion Japan Style Cotton Solid Color Round Neck Sleeveless Sport Running Vest Male Casual Minimalism Tank Tops-3015 Black,1706.0,42,990.0,,0,Non,Not a brand,Jumia
488,489,Fashion Men Graphic Tank Top Round Neck 3D Print Sleeveless Daily Texture Tops Men White And Black Clothing Stripe Hip Hop Vest For Men-black And White,1487.0,42,863.0,,0,Non,Not a brand,Jumia
489,490,Fashion Y2k Harajuku Men's Tanks Round Neck Breathable Sportswear Men Summer Printing Tanks Top Bodybuilding Fitness Gym Clothes-Black-1,1483.0,42,860.0,,0,Non,Not a brand,Jumia
490,491,Fashion Y2k Harajuku Men's Tanks Round Neck Breathable Sportswear Men Summer Printing Tanks Top Bodybuilding Fitness Gym Clothes-Black-2,1483.0,42,860.0,,0,Non,Not a brand,Jumia
491,492,Fashion Summer Marathon Fitness Gym Sportswear Tank Top Men's Solid Color Sleeveless Round Neck Quick Dry Stretch Fitting Casual Vest-black,1285.0,42,745.0,,0,Non,Not a brand,Jumia
492,493,Fashion Men Graphic Tank Top Round Neck 3D Print Sleeveless Daily Texture Tops Men White And Black Clothing Stripe Hip Hop Vest For Men-White And Black,1487.0,42,863.0,,0,Non,Not a brand,Jumia
493,494,Fashion Men Graphic Tank Top Round Neck 3D Print Sleeveless Daily Texture Tops Men White And Black Clothing Stripe Hip Hop Vest For Men-Gray,1487.0,42,863.0,,0,Non,Not a brand,Jumia
494,495,Fashion Men Graphic Tank Top Round Neck 3D Print Sleeveless Daily Texture Tops Men White And Black Clothing Stripe Hip Hop Vest For Men-blue,1487.0,42,863.0,,0,Non,Not a brand,Jumia
495,496,Fashion Men Tank Tops Round Neck Sleeveless Solid Color Hollow Out Breathable Vests Men  Skinny Streetwear Casual Tops S-5XL INCERUN-Black,1513.0,42,878.0,,0,Non,Not a brand,Jumia
496,497,2 Piece Set Men's Round Neck Short Sleeve Shorts Set -Black,1288.32,34,847.04,,0,Non,Not a brand,Jumia
497,498,2 Piece Set Men's Round Neck Short Sleeve Shorts Set -Black,1353.92,41,801.28,,0,Non,Not a brand,Jumia
498,499,Fashion (Black)Plus Size Fashion Summer Solid Color Women Clothing Cross Strap Round Neck Selveless Casual Loose Tank Top Vest Tops WAR,1686.0,42,970.0,,0,Non,Not a brand,Jumia
499,500,Fashion (Dark Blue)Plus Size Fashion Summer Solid Color Women Clothing Cross Strap Round Neck Selveless Casual Loose Tank Top Vest Tops WAR,1686.0,42,970.0,,0,Non,Not a brand,Jumia
500,501,"Fashion (Black Vest)2021NEW Summer Sleeveless Round Neck Heavy Industry Irregular Camisole, Herringbone Cotton Fashion All-match Double-shoulder Top WAR",3458.0,42,2000.0,,0,Non,Not a brand,Jumia
501,502,Fashion (butterfly Black)Women's Casual Fashion Colorful Love Print Undershirt Tops Loose Round Neck Ladies Vest Top Women Clothes Breathable Tank#p30 WAR,1617.0,42,930.0,,0,Non,Not a brand,Jumia
502,503,Fashion (Black)Women’s Fashion Top Solid Color Round Neck Sleeveless Backless Hollow Out  Bandage Vest Top Summer Sexy Casual Tank Tops WAR,1548.0,43,890.0,,0,Non,Not a brand,Jumia
503,504,Fashion (balck)Women Clothes Breathable Tank Classic Undershirt Women's Casual Fashion Loose Round Neck Colorful Printed Undershirt Tops#p30 WAR,1846.0,42,1070.0,,0,Non,Not a brand,Jumia
504,505,Fashion (heart Black)Women's Casual Fashion Colorful Love Print Undershirt Tops Loose Round Neck Ladies Vest Top Women Clothes Breathable Tank#p30 WAR,1617.0,42,930.0,,0,Non,Not a brand,Jumia
505,506,Fashion (multicolor Black)Women's Casual Fashion Colorful Love Print Undershirt Tops Loose Round Neck Ladies Vest Top Women Clothes Breathable Tank#p30 WAR,1617.0,42,930.0,,0,Non,Not a brand,Jumia
506,507,2 Piece Set Men's Round Neck Short Sleeve Shorts Set -Black,1760.32,41,1041.92,,0,Non,Not a brand,Jumia
507,508,2 Piece Set Men's Round Neck Short Sleeve Shorts Set -black,2014.4,47,1064.32,,0,Non,Not a brand,Jumia
508,509,Fashion (Black)Plus Size 2022 New Women's Tunic Soild  Long Shirts Round Neck Short Sleeve Casual Blouses Summer Women Clothing Blouse CHA,1520.0,42,880.0,,0,Non,Not a brand,Jumia
509,510,Fashion (Black)2023 Summer Elegant  Satin Round Neck Short Sleeve Shirts Female Simple Casual Solid Loose Tops Blouses for Women Clothes CHA,2080.0,42,1200.0,,0,Non,Not a brand,Jumia
510,511,Fashion (Dark Purple)2023 Summer Elegant  Satin Round Neck Short Sleeve Shirts Female Simple Casual Solid Loose Tops Blouses for Women Clothes CHA,2080.0,42,1200.0,,0,Non,Not a brand,Jumia
511,512,Fashion (Dark Green)2023 Summer Elegant  Satin Round Neck Short Sleeve Shirts Female Simple Casual Solid Loose Tops Blouses for Women Clothes CHA,2080.0,42,1200.0,,0,Non,Not a brand,Jumia
512,513,Fashion (Black)Spring and Summer Vest Women's Leisure Suspender  Suit with Satin Sleeveless Round Neck Elegant Women's Coat CHA,1880.0,43,1080.0,,0,Non,Not a brand,Jumia
513,514,Fashion Women’s Bodysuit Fashion Casual Long-sleeved Bodysuit Personality Snake Pattern Round Neck High Waist Tight Jumpsuit-black,1493.0,42,866.0,,0,Non,Not a brand,Jumia
514,515,Fashion Rompers Womens Jumpsuit Round Neck Long Sleeve Y Bodysuits Women Jumpsuit  Y Snake Pattern Slim Onesies Bodysuit-black,2124.0,42,1232.0,,0,Non,Not a brand,Jumia
515,516,Fashion Women Wet Look Black Patent Leather Round Neck Sleeveless High Cut Double-ended Zipper Leotard Y Bodysuit Rave Party Clubwear-Black,1872.0,42,1086.0,,0,Non,Not a brand,Jumia
516,517,Fashion Women's Round Collar Long Sleeve Cotton Elastic Bodysuit Jumpsuit-black,1439.0,42,835.0,,0,Non,Not a brand,Jumia
517,518,Fashion Women Adult One-piece Bodystocking Swimsuits Sleeveless Round Neck Stretch Solid Dance Leotard Bodysuit For Y Costumes-black,1690.0,42,981.0,,0,Non,Not a brand,Jumia
518,519,Fashion 2021 Men Tank Tops Mesh Patchwork Round Neck Streetwear Sleeveless See Through Vests Sexy Party Nightclub Men Crop Tops Black,1305.0,42,757.0,,0,Non,Not a brand,Jumia
519,520,Fashion Summer Vest Casual Men Solid Color Round Neck Sleeveless Slim Vest Breathable Fitness Cotton Sports Vest Top Black,1202.0,42,697.0,,0,Non,Not a brand,Jumia
520,521,Fashion Men's Sleeveless Vest Outdoor Running Exercise Fitness Workout Round Neck Vest Quick Dry Breathable Male Muscle Fitness Tank Top Black,1386.0,42,804.0,,0,Non,Not a brand,Jumia
521,522,Fashion Men's Breathable Cotton Vest Round Neck Slim Tank Top Sports Fitness Clothing Solid White Black Gray Tees Elastic Vest Plus Size Black,1076.0,42,624.0,,0,Non,Not a brand,Jumia
522,523,Fashion Hollow Out Tank Tops Men Leisure Mesh Vests Summer Sleeveless Round Neck Striped See Through Tops Streetwear Black,1076.0,42,624.0,,0,Non,Not a brand,Jumia
523,524,Fashion Men Tank Tops Mesh Patchwork 2021 Round Neck Sleeveless See Through Sexy Vests Streetwear Party Nightclub Men Crop Tops Black,1309.0,42,759.0,,0,Non,Not a brand,Jumia
524,525,Fashion Men's Breathable Cotton Vest Round Neck Slim Tank Top Sports Fitness Clothing Solid White Black Gray Tees Elastic Vest Plus Size Gray,1076.0,42,624.0,,0,Non,Not a brand,Jumia
525,526,Fashion Men's Breathable Cotton Vest Round Neck Slim Tank Top Sports Fitness Clothing Solid White Black Gray Tees Elastic Vest Plus Size White,1076.0,42,624.0,,0,Non,Not a brand,Jumia
526,527,Fashion Men Leisure Solid Color Jumpsuit Tank Tops Sexy Fitness Sleeveless Romper Vests Man Round Neck Bodysuit Comfy Tops Black,1302.0,42,755.0,,0,Non,Not a brand,Jumia
527,528,Fashion Men Sports Tank Top Summer Breathable Sleeveless Round Neck Solid Color Tops Running Fitness Tops For Men Clothing Black,1076.0,42,624.0,,0,Non,Not a brand,Jumia
528,529,Fashion Men's Sleeveless Vest Outdoor Running Exercise Fitness Workout Round Neck Vest Quick Dry Breathable Male Muscle Fitness Tank Top Black SFH,1260.0,42,731.0,,0,Non,Not a brand,Jumia
529,530,Fashion For Women Casual Personality Cat Pattern Hot Diamonds Round Neck Female Tops Black,1252.0,42,726.0,,0,Non,Not a brand,Jumia
530,531,Fashion Men's Breathable Cotton Vest Round Neck Slim Tank Top Sports Fitness Clothing Solid White Black Gray Tees Elastic Vest Plus Size Gray SFH,1076.0,42,624.0,,0,Non,Not a brand,Jumia
531,532,Fashion Hollow Out Tank Tops Men Leisure Mesh Vests Summer Sleeveless Round Neck Striped See Through Tops Streetwear Black SFH,1076.0,42,624.0,,0,Non,Not a brand,Jumia
532,533,Fashion Men Sports Tank Top Summer Breathable Sleeveless Round Neck Solid Color Tops Running Fitness Tops For Men Clothing Black SFH,1076.0,42,624.0,,0,Non,Not a brand,Jumia
533,534,Fashion Summer Vest Casual Men Solid Color Round Neck Sleeveless Slim Vest Breathable Fitness Cotton Sports Vest Top Black SFH,1097.0,42,636.0,,0,Non,Not a brand,Jumia
534,535,Fashion Personality Fashion Women Shoulder Round Neck T Shirts Summer Short Sleeve Floral Lace Slim Tee Tops Black,1087.0,42,630.0,,0,Non,Not a brand,Jumia
535,536,Fashion Men's Breathable Cotton Vest Round Neck Slim Tank Top Sports Fitness Clothing Solid White Black Gray Tees Elastic Vest Plus Size Black SFH,1076.0,42,624.0,,0,Non,Not a brand,Jumia
536,537,Fashion Men's Breathable Cotton Vest Round Neck Slim Tank Top Sports Fitness Clothing Solid White Black Gray Tees Elastic Vest Plus Size White SFH,1076.0,42,624.0,,0,Non,Not a brand,Jumia
537,538,Fashion Men Tank Tops Mesh Patchwork 2021 Round Neck Sleeveless See Through Sexy Vests Streetwear Party Nightclub Men Crop Tops Black SFH,1193.0,42,692.0,,0,Non,Not a brand,Jumia
538,539,Fashion 2021 Men Tank Tops Mesh Patchwork Round Neck Streetwear Sleeveless See Through Vests Sexy Party Nightclub Men Crop Tops Black SFH,1188.0,42,689.0,,0,Non,Not a brand,Jumia
539,540,Fashion (black)2022 Summer New Ladies Daisy Print Suspender Top Large Size Loose Vest 8 Colors 8 Yards Round Neck Fashion Loose Casual Coat WEF,1575.0,42,910.0,,0,Non,Not a brand,Jumia
540,541,Fashion (Black)Vintage Flag Print Slim Crop Top Women Summer Casual Round Neck Sleeveless Short Y2k Clothes Retro Chic Streetwear Cotton Tops WEF,1667.0,42,960.0,,0,Non,Not a brand,Jumia
541,542,Fashion (Black)Summer Spandex Women's Top Round Collar Sleeveless Pullover Halter Slim Solid Exposed Umbilicus Korean Style Fashion  Top WEF,1434.0,42,830.0,,0,Non,Not a brand,Jumia
542,543,Fashion (black)Women's Crop Top Cami Camisole Summer Women Slim Sleeveless Backless Spaghetti Strap Round Neck Tank Top Basic Sport Tops WEF,1094.0,42,630.0,,0,Non,Not a brand,Jumia
543,544,Diadora Women Sweat Shirt - Black,569.0,30,398.0,5.0,1,Non,Not a brand,Jumia
544,545,Diadora Women Sweat Shirt - Black,539.0,30,377.0,,0,Non,Not a brand,Jumia
545,546,Smoky Egypt Knitted Drop Shoulder Sweat Shirt - Black,330.0,0,330.0,,0,Non,Not a brand,Jumia
546,547,Activ Plain Pattern Round Collar Short Sleeves Training Mesh T-Shirt - Dark Grey,499.0,30,349.0,,0,official_store,activ,Jumia
547,548,Kady Pyjama Set Plain Pants With Buttoned Round T-shirt - Black Sharcol,819.0,57,349.0,1.0,1,official_store,kady,Jumia
548,549,Cottonil Round-Neck T-Shirts - For Men Black,149.0,16,125.0,3.7,3,Non,Not a brand,Jumia
549,550,Kady Pyjama Set Plain Shorts With Round Buttoned T-shirt - Black Sharcol,639.0,63,239.0,5.0,1,official_store,kady,Jumia
550,551,Activ Kids Basic Self Patterned Round Collar Training T-Shirt - Dark Grey & Black,499.0,28,359.0,,0,official_store,activ,Jumia
551,552,Andora Striped Front Stitched Round Neck T-Shirt - Dark Burgundy,375.0,66,129.0,,0,official_store,andora,Jumia
552,553,Mizuno Round Neck Training T-Shirt - Black & White,399.0,55,179.0,,0,official_store,mizuno,Jumia
553,554,Red Circle Round Collar Slip On Long Sleeves T-shirt - Heather Black,399.0,53,189.0,4.0,1,Non,Not a brand,Jumia
554,555,Red Circle Round Collar Slip On Long Sleeves T-shirt - Dark Green,399.0,53,189.0,,0,Non,Not a brand,Jumia
555,556,Amazon Independent Station I LIKE MURDER European and American fashion round neck skull print sleeveless vest T-shirt wholesale Large black vest (white font) L,924.0,52,440.0,,0,Non,Not a brand,Jumia
556,557,Round  Cufflinks Party French Buttons Accessories Studs Shirt Black,186.0,23,143.0,,0,Non,Not a brand,Jumia
557,558,Luxury Mens Cufflinks Round Crystal Shirt Cuff Links For Black,389.0,23,299.0,,0,Non,Not a brand,Jumia
558,559,Black Agate Silver Round Cufflinks For Mens Formal Tuxedo Shirt French,256.0,29,183.0,,0,Non,Not a brand,Jumia
559,560,Basic Goddess Round Neck Short Sleeve Cool Relaxed Casual Dress Women's Little Black Dress T-shirt,6176.0,0,6176.0,,0,Non,Not a brand,Jumia
560,561,Amazon Independent Station I LIKE MURDER European and American fashion round neck skull print sleeveless vest T-shirt wholesale Large black vest (white font) L,924.0,52,440.0,,0,Non,Not a brand,Jumia
561,562,100% Goat Cashmere T-shirt Men's Round Neck-Black,5837.0,42,3386.0,,0,Non,Not a brand,Jumia
562,563,Amazon Independent Station I LIKE MURDER European and American fashion round neck skull print sleeveless vest T-shirt wholesale Large black vest (white font) L,924.0,48,480.0,,0,Non,Not a brand,Jumia
563,564,Fashion (Black)Homewear Suits Women Pajamas Set Star Print Round Neck T Shirt Elastic Waist Drawstring Sweatpants Fashion Pajama Sets Sleepwear XXA,1779.0,42,1030.0,,0,Non,Not a brand,Jumia
564,565,Fashion (Black)100% Cotton Bottoming Shirt Ladies Round Neck,1781.0,23,1370.0,,0,Non,Not a brand,Jumia
565,566,Fashion (A-black)Women Casual Wide Round Wooden Buckle Straw Belt PP Straw Fashion Elastic Waist Chain Dress Belt Shirt Body Jewelry Necklace MOS,1653.0,43,950.0,,0,Non,Not a brand,Jumia
566,567,Fashion (black)1PC Women Fashion Casual Straw Belt Round Wooden Buckle Elastic Waist Chain Belly Necklace Body Jewelry Dress Shirt Accessories MOS,1653.0,43,950.0,,0,Non,Not a brand,Jumia
567,568,Black 105x2.5cm Women Belts Matching Suit Belt Women's Fashion Pu Winding round Buckle Vintage Ornament Jeans Shirt Thin Belt,487.36,0,487.36,,0,Non,Not a brand,Jumia
568,569,Fashion (2-black)1PC Women Fashion Casual Straw Belt Round Wooden Buckle Elastic Waist Chain Belly Necklace Body Jewelry Dress Shirt Accessories MOS,1653.0,43,950.0,,0,Non,Not a brand,Jumia
569,570,Fashion (black)1PC Women Fashion Casual Straw Belt Round Wooden Buckle Elastic Waist Chain Belly Necklace Body Jewelry Dress Shirt Accessories MOS,1653.0,43,950.0,,0,Non,Not a brand,Jumia
570,571,Fashion Short Sleeveless Top With Round Neck Womens Basic T-shirt Sexy White T-Shirt With Shoulders Disposable Black Brooved Black Casual,664.8,0,664.8,,0,Non,Not a brand,Jumia
571,572,Fashion Short Sleeveless Top With Round Neck Womens Basic T-shirt Sexy White T-Shirt With Shoulders Disposable Black Brooved Black Casual,664.8,0,664.8,,0,Non,Not a brand,Jumia
572,573,Fashion Short Sleeveless Top With Round Neck Womens Basic T-shirt Sexy White T-Shirt With Shoulders Disposable Black Brooved Black Casual,664.8,0,664.8,,0,Non,Not a brand,Jumia
573,574,Fashion Sexy Basic T-Shirt Summer Knitted Sexy With Round Neck Womens Black Broken Shoulder Shoulders,400.8,0,400.8,,0,Non,Not a brand,Jumia
574,575,1/6 Men's Round Collar T-shirt Clothing For 12 Inch Action Black,331.0,17,276.0,,0,Non,Not a brand,Jumia
575,576,Quality  Round Cufflinks Shirt Buttons Accessories Party Studs Black,215.0,33,143.0,,0,Non,Not a brand,Jumia
576,577,Fashion Casual Flower Print Vintage Tops Pullover Female Elegant Streetwear T-shirts Black,1101.0,42,638.0,,0,Non,Not a brand,Jumia
577,578,Fashion Women's Sleeveless Top Black T-shirt with Round Neck For Women Regular Cutting Ring with Stamped Letters,403.2,0,403.2,,0,Non,Not a brand,Jumia
578,579,Straw Wide Belt Female Woven Vintage Round Wooden Buckle Decorative Dress Shirt Belt Black Strips,425.46,47,225.12,,0,Non,Not a brand,Jumia
579,580,Fashion African Ladies Casual Loose T Shirt Dress Round Neck Black Charater Printed -Type 1 Black,2611.0,42,1515.0,,0,Non,Not a brand,Jumia
580,581,Fashion African Ladies Casual Loose T Shirt Dress Round Neck Black Charater Printed -Type 3- Black,2611.0,42,1515.0,,0,Non,Not a brand,Jumia
581,582,Fashion African Ladies Casual Loose T Shirt Dress Round Neck Black Charater Printed -Type 4-Blue,2611.0,42,1515.0,,0,Non,Not a brand,Jumia
582,583,Fashion African Ladies Casual Loose T Shirt Dress Round Neck Black Charater Printed -Type 4-Black,2611.0,42,1515.0,,0,Non,Not a brand,Jumia
583,584,Fashion Women's Sleeveless Top Black T-shirt with Round Neck For Women Regular Cutting Ring with Stamped Letters,443.2,0,443.2,,0,Non,Not a brand,Jumia
584,585,Fashion Short Sleeveless Top With Round Neck Womens Basic T-shirt Sexy White T-Shirt With Shoulders Disposable Black Brooved Black Casual,704.8,0,704.8,,0,Non,Not a brand,Jumia
585,586,Fashion Short Sleeveless Top With Round Neck Womens Basic T-shirt Sexy White T-Shirt With Shoulders Disposable Black Brooved Black Casual,704.8,0,704.8,,0,Non,Not a brand,Jumia
586,587,Fashion Sexy Basic T-Shirt Summer Knitted Sexy With Round Neck Womens Black Broken Shoulder Shoulders,440.8,0,440.8,,0,Non,Not a brand,Jumia
587,588,Fashion Short Sleeveless Top With Round Neck Womens Basic T-shirt Sexy White T-Shirt With Shoulders Disposable Black Brooved Black Casual,704.8,0,704.8,,0,Non,Not a brand,Jumia
588,589,Andora Sportive T-shirt Half Sleeves Round Neck- Dark Red,299.0,67,99.0,,0,Non,Not a brand,Jumia
589,590,1/6 Males Clothes Short Sleeve Round Neck T-shirt And Casual Black,595.0,23,458.0,,0,Non,Not a brand,Jumia
590,591,"Andora Comfortable Round Neck Printed Sleep Shirt - Green, Pink & Black.",224.0,33,149.0,5.0,1,official_store,andora,Jumia
591,592,Fashion Autumn Casual Round Neck Tops Pullover Fashion Solid Ribbed Knitted Sweater For Male Winter Long Sleeve Men Knitwear Jumper-03 Black,2585.0,42,1500.0,,0,Non,Not a brand,Jumia
592,593,Sweater Men Winter Cashmere Warm Turtleneck-Black,2468.0,42,1432.0,,0,Non,Not a brand,Jumia
593,594,Autumn  Men's Pullover Sweater Korean Vest -Black,2818.0,42,1635.0,,0,Non,Not a brand,Jumia
594,595,Fashion / Men's Wear Clic Round Collar Sweater-Black,3100.0,42,1798.0,,0,Non,Not a brand,Jumia
595,596,Fashion Winter Sweater Men Thicken Loose Print Flame Knitted Sweater Student Tops Clothes Autumn Round Neck Pullover Long Sleeve Men-Black,2955.0,42,1714.0,,0,Non,Not a brand,Jumia
596,597,Fashion Striped Sweater Men's Autumn Winter Korean Trend Loose Ins Plush Knitted Pullover Tops Round Collar Chic Clothing 9D1241-Black,2997.0,42,1739.0,,0,Non,Not a brand,Jumia
597,598,Men Vests Knitted Solid Color Round Neck-Black,1960.0,42,1137.0,,0,Non,Not a brand,Jumia
598,599,Fashion Neck Short Sleeve Cotton Tops Short T-Shirt Femme Kawaii T Shirt Women Dark Blue,1087.0,42,630.0,,0,Non,Not a brand,Jumia
599,600,Fashion Crop Top Women's Shirt Girls Lady Tee Tops Streetwear Camiseta Mujer Dark Green,1087.0,42,630.0,,0,Non,Not a brand,Jumia
600,601,Fashion Femme Navel T-shirt Round Neck Short Loose Tee Shirt Summer Streetwear White,1087.0,42,630.0,,0,Non,Not a brand,Jumia
601,602,Fashion Cotton Crop Top Women's Shirt Girls Lady Tee Tops Streetwear Camiseta Mujer Black,1087.0,42,630.0,,0,Non,Not a brand,Jumia
602,603,Fashion Neck Short Sleeve Cotton Tops Short T-Shirt Femme Kawaii T Shirt Women Dark Green,1087.0,42,630.0,,0,Non,Not a brand,Jumia
603,604,16 Jeans Large Size Women Summer Animal Print Diamond T Shirtpants Black Round hot pants,2347.8,0,2347.8,,0,Non,Not a brand,Jumia
604,605,16 Jeans Large Size Women Summer Animal Print Diamond T Shirtpants Black Round hot pants,2347.8,0,2347.8,,0,Non,Not a brand,Jumia
605,606,Kady Front Girl Long Sleevs Dark Purple Round T-shirt,279.0,66,95.0,3.0,7,official_store,kady,Jumia
606,607,Premoda Printed Skull Round Neck T-shirt - Black,1.0,0,1.0,,0,official_store,premoda,Jumia
607,608,Sun Set Solid Basic Rounded Black T-shirt 100% Cotton,779.0,0,779.0,,0,Non,Not a brand,Jumia
608,609,"Izo Tshirt Cotton Round Neck ""No Pain No Gain One Color"" T-Shirt - Black",99.0,0,99.0,,0,Non,Not a brand,Jumia
609,610,Dalydress Provence Stripe Rounded Neck T-shirt - Black & White,159.0,0,159.0,,0,official_store,dalydress,Jumia
610,611,Dalydress Provence Stripe Rounded Neck T-shirt - Black & White,449.0,0,449.0,,0,Non,Not a brand,Jumia
611,612,Dalydress Provence Stripe Rounded Neck T-shirt - Black & White,1614.0,0,1614.0,,0,official_store,dalydress,Jumia
612,613,Printed Round Neck Boy's T-Shirt - Black,60.0,0,60.0,5.0,1,Non,Not a brand,Jumia
0,1,Heavy Two Color T-Shirt Black,499.0,50,250.0,,,official_store,sutra,sutra
1,2,Heavy Two Color T-Shirt SUTRA EST Black,499.0,50,250.0,,,official_store,sutra,sutra
2,3,boy T-Shirt PR-Rubik Cube Black,299.0,50,150.0,,,official_store,sutra,sutra
3,4,Heavy Two Color T-Shirt Stay Unique Black,499.0,50,250.0,,,official_store,sutra,sutra
4,5,Over Size PR-Fitrah Black,349.0,50,175.0,,,official_store,sutra,sutra
5,6,Over Size PR-Turn Coffee Black,499.0,50,250.0,,,official_store,sutra,sutra
6,7,Over Size PR-hieroglyphic Black,499.0,50,250.0,,,official_store,sutra,sutra
7,8,Over Size PR-SUTRA Black,499.0,50,250.0,,,official_store,sutra,sutra
8,9,Over Size PR_Human Nature Black,349.0,50,175.0,,,official_store,sutra,sutra
9,10,Summer Milton Patch Karuh Black,399.0,50,200.0,,,official_store,sutra,sutra
10,11,Over Size PR-Passport Black,499.0,50,250.0,,,official_store,sutra,sutra
11,12,Over Size PR-Wings Black,349.0,50,175.0,,,official_store,sutra,sutra
12,1,Over Size PR-Brush Black,349.0,50,175.0,,,official_store,sutra,sutra
13,2,Over Size PR-Anubis Black,499.0,50,250.0,,,official_store,sutra,sutra
14,3,Over Size PR-I’m Programmer Black,499.0,50,250.0,,,official_store,sutra,sutra
15,4,Over Size PR-Egypt Map Black,499.0,50,250.0,,,official_store,sutra,sutra
16,5,Over Size PR-Sutra Num Black,349.0,50,175.0,,,official_store,sutra,sutra
17,6,Over Size PR-Fire Ball Black,349.0,50,175.0,,,official_store,sutra,sutra
18,7,Over Size PR-Pharaonic Wings Black,499.0,50,250.0,,,official_store,sutra,sutra
19,8,Over Size PR-Cairo Pocket Black,499.0,50,250.0,,,official_store,sutra,sutra
20,9,Over Size PR-X-Ray Black,349.0,50,175.0,,,official_store,sutra,sutra
21,10,Over Size PR-Sutra Star Black,349.0,50,175.0,,,official_store,sutra,sutra
22,11,Over Size PR-Sutra Multi Color Black,349.0,50,175.0,,,official_store,sutra,sutra
23,12,Over Size PR-Unique Line Black,349.0,50,175.0,,,official_store,sutra,sutra
24,1,OVER SIZE PR-SUTRA Havan,499.0,50,250.0,,,official_store,sutra,sutra
